Standname,Buchungstag,Standstatus,Kunde,Rechnungsnummer,"Standpreis in €",Standbreite,Standtiefe,Stromanschluss,Wasseranschluss,Imbiss,Getränke,Fahrgeschäft/e,Sortiment,"Notizen vom Kunden",Bezahlstatus
"Baumstraße 1, 1",Samstag,Verkauft,"Tim Schlautmann (Privat_troedel)",608,40€,3m,"0,6m",,,,,,,,"Zahlung ausstehend"
"Baumstraße 1, 1",Sonntag,Verkauft,"Tim Schlautmann (Privat_troedel)",608,40€,3m,"0,6m",,,,,,,,"Zahlung ausstehend"
"Baumstraße  3, 3",Samstag,Verkauft,"Tim Schlautmann (Privat_troedel)",609,40€,3m,"0,6m",,,,,,,,"Zahlung ausstehend"
"Baumstraße  3, 3",Sonntag,Verkauft,"Tim Schlautmann (Privat_troedel)",609,40€,3m,"0,6m",,,,,,,,"Zahlung ausstehend"
"Baumstraße 5, 5",Samstag,Verkauft,"Tim Schlautmann (Privat_troedel)",609,40€,3m,"0,6m",,,,,,,,"Zahlung ausstehend"
"Baumstraße 5, 5",Sonntag,Verkauft,"Tim Schlautmann (Privat_troedel)",609,40€,3m,"0,6m",,,,,,,,"Zahlung ausstehend"
"Baumstraße 7, 7",Samstag,Verkauft,"Tim Schlautmann (Privat_troedel)",609,20€,3m,"0,6m",,,,,,,,"Zahlung ausstehend"
"Baumstraße 7, 7",Sonntag,Frei,"Tim Schlautmann (Privat_troedel)",-,-,-,-,-,-,-,-,-,-,-,-
"Baumstraße 9, 9",Samstag,Frei,"Kein Kunde",-,-,-,-,-,-,-,-,-,-,-,-
"Baumstraße 9, 9",Sonntag,Verkauft,"Kein Kunde",609,20€,3m,"0,6m",,,,,,,,"Zahlung ausstehend"
"Baumstraße 11, 11",Samstag,Verkauft,"Tim Schlautmann (Privat_troedel)",642,40€,3m,"0,6m",,,,,,,,Bezahlt
"Baumstraße 11, 11",Sonntag,Verkauft,"Tim Schlautmann (Privat_troedel)",642,40€,3m,"0,6m",,,,,,,,Bezahlt
"Baumstraße 13, 13",Samstag,Frei,"Kein Kunde",-,-,-,-,-,-,-,-,-,-,-,-
"Baumstraße 13, 13",Sonntag,Frei,"Kein Kunde",-,-,-,-,-,-,-,-,-,-,-,-
"Baumstraße 2, 2",Samstag,Frei,"Kein Kunde",-,-,-,-,-,-,-,-,-,-,-,-
"Baumstraße 2, 2",Sonntag,Frei,"Kein Kunde",-,-,-,-,-,-,-,-,-,-,-,-
"Baumstraße 4, 4",Samstag,Frei,"Kein Kunde",-,-,-,-,-,-,-,-,-,-,-,-
"Baumstraße 4, 4",Sonntag,Frei,"Kein Kunde",-,-,-,-,-,-,-,-,-,-,-,-
"Baumstraße 6, 6",Samstag,Frei,"Kein Kunde",-,-,-,-,-,-,-,-,-,-,-,-
"Baumstraße 6, 6",Sonntag,Frei,"Kein Kunde",-,-,-,-,-,-,-,-,-,-,-,-
"Baumstraße 8, 8",Samstag,Frei,"Kein Kunde",-,-,-,-,-,-,-,-,-,-,-,-
"Baumstraße 8, 8",Sonntag,Frei,"Kein Kunde",-,-,-,-,-,-,-,-,-,-,-,-
"Baumstraße 10, 10",Samstag,Frei,"Kein Kunde",-,-,-,-,-,-,-,-,-,-,-,-
"Baumstraße 10, 10",Sonntag,Frei,"Kein Kunde",-,-,-,-,-,-,-,-,-,-,-,-
"Dechaneistraße  1, 1",Samstag,Frei,"Kein Kunde",-,-,-,-,-,-,-,-,-,-,-,-
"Dechaneistraße  1, 1",Sonntag,Frei,"Kein Kunde",-,-,-,-,-,-,-,-,-,-,-,-
"Dechaneistraße 3, 3",Samstag,Frei,"Kein Kunde",-,-,-,-,-,-,-,-,-,-,-,-
"Dechaneistraße 3, 3",Sonntag,Frei,"Kein Kunde",-,-,-,-,-,-,-,-,-,-,-,-
"Dechaneistraße 5, 5",Samstag,Frei,"Kein Kunde",-,-,-,-,-,-,-,-,-,-,-,-
"Dechaneistraße 5, 5",Sonntag,Frei,"Kein Kunde",-,-,-,-,-,-,-,-,-,-,-,-
"Dechaneistraße 7, 7",Samstag,Frei,"Kein Kunde",-,-,-,-,-,-,-,-,-,-,-,-
"Dechaneistraße 7, 7",Sonntag,Frei,"Kein Kunde",-,-,-,-,-,-,-,-,-,-,-,-
"Dechaneistraße 9, 9",Samstag,Frei,"Kein Kunde",-,-,-,-,-,-,-,-,-,-,-,-
"Dechaneistraße 9, 9",Sonntag,Frei,"Kein Kunde",-,-,-,-,-,-,-,-,-,-,-,-
"Dechaneistraße 11, 11",Samstag,Frei,"Kein Kunde",-,-,-,-,-,-,-,-,-,-,-,-
"Dechaneistraße 11, 11",Sonntag,Frei,"Kein Kunde",-,-,-,-,-,-,-,-,-,-,-,-
"Dechaneistraße 13, 13",Samstag,Frei,"Kein Kunde",-,-,-,-,-,-,-,-,-,-,-,-
"Dechaneistraße 13, 13",Sonntag,Frei,"Kein Kunde",-,-,-,-,-,-,-,-,-,-,-,-
"Dechaneistraße 15, 15",Samstag,Frei,"Kein Kunde",-,-,-,-,-,-,-,-,-,-,-,-
"Dechaneistraße 15, 15",Sonntag,Frei,"Kein Kunde",-,-,-,-,-,-,-,-,-,-,-,-
"Dechaneistraße 17, 17",Samstag,Frei,"Kein Kunde",-,-,-,-,-,-,-,-,-,-,-,-
"Dechaneistraße 17, 17",Sonntag,Frei,"Kein Kunde",-,-,-,-,-,-,-,-,-,-,-,-
"Dechaneistraße 19, 19",Samstag,Frei,"Kein Kunde",-,-,-,-,-,-,-,-,-,-,-,-
"Dechaneistraße 19, 19",Sonntag,Frei,"Kein Kunde",-,-,-,-,-,-,-,-,-,-,-,-
"Dechaneistraße 21, 21",Samstag,Frei,"Kein Kunde",-,-,-,-,-,-,-,-,-,-,-,-
"Dechaneistraße 21, 21",Sonntag,Frei,"Kein Kunde",-,-,-,-,-,-,-,-,-,-,-,-
"Dechaneistraße 23, 23",Samstag,Frei,"Kein Kunde",-,-,-,-,-,-,-,-,-,-,-,-
"Dechaneistraße 23, 23",Sonntag,Frei,"Kein Kunde",-,-,-,-,-,-,-,-,-,-,-,-
"Dechaneistraße 25, 25",Samstag,Frei,"Kein Kunde",-,-,-,-,-,-,-,-,-,-,-,-
"Dechaneistraße 25, 25",Sonntag,Frei,"Kein Kunde",-,-,-,-,-,-,-,-,-,-,-,-
"Dechaneistraße 27, 27",Samstag,Frei,"Kein Kunde",-,-,-,-,-,-,-,-,-,-,-,-
"Dechaneistraße 27, 27",Sonntag,Frei,"Kein Kunde",-,-,-,-,-,-,-,-,-,-,-,-
"Dechaneistraße 29, 29",Samstag,Frei,"Kein Kunde",-,-,-,-,-,-,-,-,-,-,-,-
"Dechaneistraße 29, 29",Sonntag,Frei,"Kein Kunde",-,-,-,-,-,-,-,-,-,-,-,-
"Dechaneistraße 31, 31",Samstag,Frei,"Kein Kunde",-,-,-,-,-,-,-,-,-,-,-,-
"Dechaneistraße 31, 31",Sonntag,Frei,"Kein Kunde",-,-,-,-,-,-,-,-,-,-,-,-
"Dechaneistraße 33, 33",Samstag,Frei,"Kein Kunde",-,-,-,-,-,-,-,-,-,-,-,-
"Dechaneistraße 33, 33",Sonntag,Frei,"Kein Kunde",-,-,-,-,-,-,-,-,-,-,-,-
"Dechaneistraße 35, 35",Samstag,Frei,"Kein Kunde",-,-,-,-,-,-,-,-,-,-,-,-
"Dechaneistraße 35, 35",Sonntag,Frei,"Kein Kunde",-,-,-,-,-,-,-,-,-,-,-,-
"Dechaneistraße 37, 37",Samstag,Frei,"Kein Kunde",-,-,-,-,-,-,-,-,-,-,-,-
"Dechaneistraße 37, 37",Sonntag,Frei,"Kein Kunde",-,-,-,-,-,-,-,-,-,-,-,-
"Dechaneistraße 39, 39",Samstag,Frei,"Kein Kunde",-,-,-,-,-,-,-,-,-,-,-,-
"Dechaneistraße 39, 39",Sonntag,Frei,"Kein Kunde",-,-,-,-,-,-,-,-,-,-,-,-
"Dechaneistraße 41, 41",Samstag,Frei,"Kein Kunde",-,-,-,-,-,-,-,-,-,-,-,-
"Dechaneistraße 41, 41",Sonntag,Frei,"Kein Kunde",-,-,-,-,-,-,-,-,-,-,-,-
"Dechaneistraße 43, 43",Samstag,Frei,"Kein Kunde",-,-,-,-,-,-,-,-,-,-,-,-
"Dechaneistraße 43, 43",Sonntag,Frei,"Kein Kunde",-,-,-,-,-,-,-,-,-,-,-,-
"Dechaneistraße 45, 45",Samstag,Frei,"Kein Kunde",-,-,-,-,-,-,-,-,-,-,-,-
"Dechaneistraße 45, 45",Sonntag,Frei,"Kein Kunde",-,-,-,-,-,-,-,-,-,-,-,-
"Dechaneistraße 47, 47",Samstag,Frei,"Kein Kunde",-,-,-,-,-,-,-,-,-,-,-,-
"Dechaneistraße 47, 47",Sonntag,Frei,"Kein Kunde",-,-,-,-,-,-,-,-,-,-,-,-
"Dechaneistraße 49, 49",Samstag,Frei,"Kein Kunde",-,-,-,-,-,-,-,-,-,-,-,-
"Dechaneistraße 49, 49",Sonntag,Frei,"Kein Kunde",-,-,-,-,-,-,-,-,-,-,-,-
"Dechaneistraße 51, 51",Samstag,Frei,"Kein Kunde",-,-,-,-,-,-,-,-,-,-,-,-
"Dechaneistraße 51, 51",Sonntag,Frei,"Kein Kunde",-,-,-,-,-,-,-,-,-,-,-,-
"Dechaneistraße 53, 53",Samstag,Frei,"Kein Kunde",-,-,-,-,-,-,-,-,-,-,-,-
"Dechaneistraße 53, 53",Sonntag,Frei,"Kein Kunde",-,-,-,-,-,-,-,-,-,-,-,-
"Dechaneistraße 55, 55",Samstag,Frei,"Kein Kunde",-,-,-,-,-,-,-,-,-,-,-,-
"Dechaneistraße 55, 55",Sonntag,Frei,"Kein Kunde",-,-,-,-,-,-,-,-,-,-,-,-
"Dechaneistraße 57, 57",Samstag,Frei,"Kein Kunde",-,-,-,-,-,-,-,-,-,-,-,-
"Dechaneistraße 57, 57",Sonntag,Frei,"Kein Kunde",-,-,-,-,-,-,-,-,-,-,-,-
"Dechaneistraße 59, 59",Samstag,Frei,"Kein Kunde",-,-,-,-,-,-,-,-,-,-,-,-
"Dechaneistraße 59, 59",Sonntag,Frei,"Kein Kunde",-,-,-,-,-,-,-,-,-,-,-,-
"Dechaneistraße 61, 61",Samstag,Frei,"Kein Kunde",-,-,-,-,-,-,-,-,-,-,-,-
"Dechaneistraße 61, 61",Sonntag,Frei,"Kein Kunde",-,-,-,-,-,-,-,-,-,-,-,-
"Dechaneistraße 63, 63",Samstag,Frei,"Kein Kunde",-,-,-,-,-,-,-,-,-,-,-,-
"Dechaneistraße 63, 63",Sonntag,Frei,"Kein Kunde",-,-,-,-,-,-,-,-,-,-,-,-
"Dechaneistraße 65, 65",Samstag,Frei,"Kein Kunde",-,-,-,-,-,-,-,-,-,-,-,-
"Dechaneistraße 65, 65",Sonntag,Frei,"Kein Kunde",-,-,-,-,-,-,-,-,-,-,-,-
"Dechaneistraße 67, 67",Samstag,Frei,"Kein Kunde",-,-,-,-,-,-,-,-,-,-,-,-
"Dechaneistraße 67, 67",Sonntag,Frei,"Kein Kunde",-,-,-,-,-,-,-,-,-,-,-,-
"Dechaneistraße 69, 69",Samstag,Frei,"Kein Kunde",-,-,-,-,-,-,-,-,-,-,-,-
"Dechaneistraße 69, 69",Sonntag,Frei,"Kein Kunde",-,-,-,-,-,-,-,-,-,-,-,-
"Dechaneistraße 71, 71",Samstag,Frei,"Kein Kunde",-,-,-,-,-,-,-,-,-,-,-,-
"Dechaneistraße 71, 71",Sonntag,Frei,"Kein Kunde",-,-,-,-,-,-,-,-,-,-,-,-
"Dechaneistraße 73, 73",Samstag,Frei,"Kein Kunde",-,-,-,-,-,-,-,-,-,-,-,-
"Dechaneistraße 73, 73",Sonntag,Frei,"Kein Kunde",-,-,-,-,-,-,-,-,-,-,-,-
"Dechaneistraße 75, 75",Samstag,Frei,"Kein Kunde",-,-,-,-,-,-,-,-,-,-,-,-
"Dechaneistraße 75, 75",Sonntag,Frei,"Kein Kunde",-,-,-,-,-,-,-,-,-,-,-,-
"Dechaneistraße 79, 79",Samstag,Frei,"Kein Kunde",-,-,-,-,-,-,-,-,-,-,-,-
"Dechaneistraße 79, 79",Sonntag,Frei,"Kein Kunde",-,-,-,-,-,-,-,-,-,-,-,-
"Dechaneistraße 81, 81",Samstag,Frei,"Kein Kunde",-,-,-,-,-,-,-,-,-,-,-,-
"Dechaneistraße 81, 81",Sonntag,Frei,"Kein Kunde",-,-,-,-,-,-,-,-,-,-,-,-
"Dechaneistraße 83, 83",Samstag,Frei,"Kein Kunde",-,-,-,-,-,-,-,-,-,-,-,-
"Dechaneistraße 83, 83",Sonntag,Verkauft,"Kein Kunde",644,20€,3m,"0,6m",,,,,,,,Bezahlt
"Dechaneistraße 85, 85",Samstag,Frei,"Kein Kunde",-,-,-,-,-,-,-,-,-,-,-,-
"Dechaneistraße 85, 85",Sonntag,Frei,"Kein Kunde",-,-,-,-,-,-,-,-,-,-,-,-
"Dechaneistraße 91, 91",Samstag,Frei,"Kein Kunde",-,-,-,-,-,-,-,-,-,-,-,-
"Dechaneistraße 91, 91",Sonntag,Frei,"Kein Kunde",-,-,-,-,-,-,-,-,-,-,-,-
"Dechaneistraße 93, 93",Samstag,Frei,"Kein Kunde",-,-,-,-,-,-,-,-,-,-,-,-
"Dechaneistraße 93, 93",Sonntag,Frei,"Kein Kunde",-,-,-,-,-,-,-,-,-,-,-,-
"Dechaneistraße 95, 95",Samstag,Frei,"Kein Kunde",-,-,-,-,-,-,-,-,-,-,-,-
"Dechaneistraße 95, 95",Sonntag,Frei,"Kein Kunde",-,-,-,-,-,-,-,-,-,-,-,-
"Dechaneistraße 97, 97",Samstag,Frei,"Kein Kunde",-,-,-,-,-,-,-,-,-,-,-,-
"Dechaneistraße 97, 97",Sonntag,Frei,"Kein Kunde",-,-,-,-,-,-,-,-,-,-,-,-
"Dechaneistraße 99, 99",Samstag,Frei,"Kein Kunde",-,-,-,-,-,-,-,-,-,-,-,-
"Dechaneistraße 99, 99",Sonntag,Frei,"Kein Kunde",-,-,-,-,-,-,-,-,-,-,-,-
"Dechaneistraße 101, 101",Samstag,Frei,"Kein Kunde",-,-,-,-,-,-,-,-,-,-,-,-
"Dechaneistraße 101, 101",Sonntag,Frei,"Kein Kunde",-,-,-,-,-,-,-,-,-,-,-,-
"Dechaneistraße 103, 103",Samstag,Frei,"Kein Kunde",-,-,-,-,-,-,-,-,-,-,-,-
"Dechaneistraße 103, 103",Sonntag,Frei,"Kein Kunde",-,-,-,-,-,-,-,-,-,-,-,-
"Dechaneistraße 105, 105",Samstag,Frei,"Kein Kunde",-,-,-,-,-,-,-,-,-,-,-,-
"Dechaneistraße 105, 105",Sonntag,Frei,"Kein Kunde",-,-,-,-,-,-,-,-,-,-,-,-
"Dechaneistraße 107, 107",Samstag,Frei,"Kein Kunde",-,-,-,-,-,-,-,-,-,-,-,-
"Dechaneistraße 107, 107",Sonntag,Frei,"Kein Kunde",-,-,-,-,-,-,-,-,-,-,-,-
"Dechaneistraße 109, 109",Samstag,Frei,"Kein Kunde",-,-,-,-,-,-,-,-,-,-,-,-
"Dechaneistraße 109, 109",Sonntag,Frei,"Kein Kunde",-,-,-,-,-,-,-,-,-,-,-,-
"Dechaneistraße 111, 111",Samstag,Frei,"Kein Kunde",-,-,-,-,-,-,-,-,-,-,-,-
"Dechaneistraße 111, 111",Sonntag,Frei,"Kein Kunde",-,-,-,-,-,-,-,-,-,-,-,-
"Dechaneistraße 113, 113",Samstag,Frei,"Kein Kunde",-,-,-,-,-,-,-,-,-,-,-,-
"Dechaneistraße 113, 113",Sonntag,Frei,"Kein Kunde",-,-,-,-,-,-,-,-,-,-,-,-
"Dechaneistraße 115, 115",Samstag,Frei,"Kein Kunde",-,-,-,-,-,-,-,-,-,-,-,-
"Dechaneistraße 115, 115",Sonntag,Frei,"Kein Kunde",-,-,-,-,-,-,-,-,-,-,-,-
"Dechaneistraße 117, 117",Samstag,Frei,"Kein Kunde",-,-,-,-,-,-,-,-,-,-,-,-
"Dechaneistraße 117, 117",Sonntag,Frei,"Kein Kunde",-,-,-,-,-,-,-,-,-,-,-,-
"Dechaneistraße 119, 119",Samstag,Frei,"Kein Kunde",-,-,-,-,-,-,-,-,-,-,-,-
"Dechaneistraße 119, 119",Sonntag,Frei,"Kein Kunde",-,-,-,-,-,-,-,-,-,-,-,-
"Dechaneistraße 121, 121",Samstag,Frei,"Kein Kunde",-,-,-,-,-,-,-,-,-,-,-,-
"Dechaneistraße 121, 121",Sonntag,Frei,"Kein Kunde",-,-,-,-,-,-,-,-,-,-,-,-
"Dechaneistraße 123, 123",Samstag,Frei,"Kein Kunde",-,-,-,-,-,-,-,-,-,-,-,-
"Dechaneistraße 123, 123",Sonntag,Frei,"Kein Kunde",-,-,-,-,-,-,-,-,-,-,-,-
"Dechaneistraße 2, 2",Samstag,Frei,"Kein Kunde",-,-,-,-,-,-,-,-,-,-,-,-
"Dechaneistraße 2, 2",Sonntag,Frei,"Kein Kunde",-,-,-,-,-,-,-,-,-,-,-,-
"Dechaneistraße 4, 4",Samstag,Frei,"Kein Kunde",-,-,-,-,-,-,-,-,-,-,-,-
"Dechaneistraße 4, 4",Sonntag,Frei,"Kein Kunde",-,-,-,-,-,-,-,-,-,-,-,-
"Dechaneistraße 6, 6",Samstag,Frei,"Kein Kunde",-,-,-,-,-,-,-,-,-,-,-,-
"Dechaneistraße 6, 6",Sonntag,Frei,"Kein Kunde",-,-,-,-,-,-,-,-,-,-,-,-
"Dechaneistraße 8, 8",Samstag,Frei,"Kein Kunde",-,-,-,-,-,-,-,-,-,-,-,-
"Dechaneistraße 8, 8",Sonntag,Frei,"Kein Kunde",-,-,-,-,-,-,-,-,-,-,-,-
"Dechaneistraße 10, 10",Samstag,Verkauft,"Tim Schlautmann (Privat_troedel)",644,40€,3m,"0,6m",,,,,,,,Bezahlt
"Dechaneistraße 10, 10",Sonntag,Verkauft,"Tim Schlautmann (Privat_troedel)",644,40€,3m,"0,6m",,,,,,,,Bezahlt
"Dreesstraße 1, 1",Samstag,Frei,"Kein Kunde",-,-,-,-,-,-,-,-,-,-,-,-
"Dreesstraße 1, 1",Sonntag,Frei,"Kein Kunde",-,-,-,-,-,-,-,-,-,-,-,-
"Dreesstraße 3, 3",Samstag,Frei,"Kein Kunde",-,-,-,-,-,-,-,-,-,-,-,-
"Dreesstraße 3, 3",Sonntag,Frei,"Kein Kunde",-,-,-,-,-,-,-,-,-,-,-,-
"Dreesstraße 5, 5",Samstag,Frei,"Kein Kunde",-,-,-,-,-,-,-,-,-,-,-,-
"Dreesstraße 5, 5",Sonntag,Frei,"Kein Kunde",-,-,-,-,-,-,-,-,-,-,-,-
"Dreesstraße 7, 7",Samstag,Frei,"Kein Kunde",-,-,-,-,-,-,-,-,-,-,-,-
"Dreesstraße 7, 7",Sonntag,Frei,"Kein Kunde",-,-,-,-,-,-,-,-,-,-,-,-
"Dreesstraße 9, 9",Samstag,Frei,"Kein Kunde",-,-,-,-,-,-,-,-,-,-,-,-
"Dreesstraße 9, 9",Sonntag,Frei,"Kein Kunde",-,-,-,-,-,-,-,-,-,-,-,-
"Dreesstraße 11, 11",Samstag,Frei,"Kein Kunde",-,-,-,-,-,-,-,-,-,-,-,-
"Dreesstraße 11, 11",Sonntag,Frei,"Kein Kunde",-,-,-,-,-,-,-,-,-,-,-,-
"Dreesstraße 13, 13",Samstag,Frei,"Kein Kunde",-,-,-,-,-,-,-,-,-,-,-,-
"Dreesstraße 13, 13",Sonntag,Frei,"Kein Kunde",-,-,-,-,-,-,-,-,-,-,-,-
"Dreesstraße 15, 15",Samstag,Frei,"Kein Kunde",-,-,-,-,-,-,-,-,-,-,-,-
"Dreesstraße 15, 15",Sonntag,Frei,"Kein Kunde",-,-,-,-,-,-,-,-,-,-,-,-
"Dreesstraße 17, 17",Samstag,Frei,"Kein Kunde",-,-,-,-,-,-,-,-,-,-,-,-
"Dreesstraße 17, 17",Sonntag,Frei,"Kein Kunde",-,-,-,-,-,-,-,-,-,-,-,-
"Dreesstraße 19, 19",Samstag,Frei,"Kein Kunde",-,-,-,-,-,-,-,-,-,-,-,-
"Dreesstraße 19, 19",Sonntag,Frei,"Kein Kunde",-,-,-,-,-,-,-,-,-,-,-,-
"Dreesstraße 21, 21",Samstag,Frei,"Kein Kunde",-,-,-,-,-,-,-,-,-,-,-,-
"Dreesstraße 21, 21",Sonntag,Frei,"Kein Kunde",-,-,-,-,-,-,-,-,-,-,-,-
"Dreesstraße 23, 23",Samstag,Frei,"Kein Kunde",-,-,-,-,-,-,-,-,-,-,-,-
"Dreesstraße 23, 23",Sonntag,Frei,"Kein Kunde",-,-,-,-,-,-,-,-,-,-,-,-
"Dreesstraße 25, 25",Samstag,Frei,"Kein Kunde",-,-,-,-,-,-,-,-,-,-,-,-
"Dreesstraße 25, 25",Sonntag,Frei,"Kein Kunde",-,-,-,-,-,-,-,-,-,-,-,-
"Dreesstraße 27, 27",Samstag,Frei,"Kein Kunde",-,-,-,-,-,-,-,-,-,-,-,-
"Dreesstraße 27, 27",Sonntag,Frei,"Kein Kunde",-,-,-,-,-,-,-,-,-,-,-,-
"Dreesstraße 29, 29",Samstag,Frei,"Kein Kunde",-,-,-,-,-,-,-,-,-,-,-,-
"Dreesstraße 29, 29",Sonntag,Frei,"Kein Kunde",-,-,-,-,-,-,-,-,-,-,-,-
"Dreesstraße 31, 31",Samstag,Frei,"Kein Kunde",-,-,-,-,-,-,-,-,-,-,-,-
"Dreesstraße 31, 31",Sonntag,Frei,"Kein Kunde",-,-,-,-,-,-,-,-,-,-,-,-
"Dreesstraße 33, 33",Samstag,Frei,"Kein Kunde",-,-,-,-,-,-,-,-,-,-,-,-
"Dreesstraße 33, 33",Sonntag,Frei,"Kein Kunde",-,-,-,-,-,-,-,-,-,-,-,-
"Dreesstraße 35, 35",Samstag,Frei,"Kein Kunde",-,-,-,-,-,-,-,-,-,-,-,-
"Dreesstraße 35, 35",Sonntag,Frei,"Kein Kunde",-,-,-,-,-,-,-,-,-,-,-,-
"Dreesstraße 37, 37",Samstag,Frei,"Kein Kunde",-,-,-,-,-,-,-,-,-,-,-,-
"Dreesstraße 37, 37",Sonntag,Frei,"Kein Kunde",-,-,-,-,-,-,-,-,-,-,-,-
"Dreesstraße 39, 39",Samstag,Frei,"Kein Kunde",-,-,-,-,-,-,-,-,-,-,-,-
"Dreesstraße 39, 39",Sonntag,Frei,"Kein Kunde",-,-,-,-,-,-,-,-,-,-,-,-
"Dreesstraße 41, 41",Samstag,Frei,"Kein Kunde",-,-,-,-,-,-,-,-,-,-,-,-
"Dreesstraße 41, 41",Sonntag,Frei,"Kein Kunde",-,-,-,-,-,-,-,-,-,-,-,-
"Dreesstraße 43, 43",Samstag,Frei,"Kein Kunde",-,-,-,-,-,-,-,-,-,-,-,-
"Dreesstraße 43, 43",Sonntag,Frei,"Kein Kunde",-,-,-,-,-,-,-,-,-,-,-,-
"Dreesstraße 45, 45",Samstag,Frei,"Kein Kunde",-,-,-,-,-,-,-,-,-,-,-,-
"Dreesstraße 45, 45",Sonntag,Frei,"Kein Kunde",-,-,-,-,-,-,-,-,-,-,-,-
"Dreesstraße 47, 47",Samstag,Frei,"Kein Kunde",-,-,-,-,-,-,-,-,-,-,-,-
"Dreesstraße 47, 47",Sonntag,Frei,"Kein Kunde",-,-,-,-,-,-,-,-,-,-,-,-
"Dreesstraße 49, 49",Samstag,Frei,"Kein Kunde",-,-,-,-,-,-,-,-,-,-,-,-
"Dreesstraße 49, 49",Sonntag,Frei,"Kein Kunde",-,-,-,-,-,-,-,-,-,-,-,-
"Dreesstraße 51, 51",Samstag,Frei,"Kein Kunde",-,-,-,-,-,-,-,-,-,-,-,-
"Dreesstraße 51, 51",Sonntag,Frei,"Kein Kunde",-,-,-,-,-,-,-,-,-,-,-,-
"Dreesstraße 53, 53",Samstag,Frei,"Kein Kunde",-,-,-,-,-,-,-,-,-,-,-,-
"Dreesstraße 53, 53",Sonntag,Frei,"Kein Kunde",-,-,-,-,-,-,-,-,-,-,-,-
"Dreesstraße 55, 55",Samstag,Frei,"Kein Kunde",-,-,-,-,-,-,-,-,-,-,-,-
"Dreesstraße 55, 55",Sonntag,Frei,"Kein Kunde",-,-,-,-,-,-,-,-,-,-,-,-
"Dreesstraße 2, 2",Samstag,Frei,"Kein Kunde",-,-,-,-,-,-,-,-,-,-,-,-
"Dreesstraße 2, 2",Sonntag,Frei,"Kein Kunde",-,-,-,-,-,-,-,-,-,-,-,-
"Dreesstraße 4, 4",Samstag,Frei,"Kein Kunde",-,-,-,-,-,-,-,-,-,-,-,-
"Dreesstraße 4, 4",Sonntag,Frei,"Kein Kunde",-,-,-,-,-,-,-,-,-,-,-,-
"Dreesstraße 6, 6",Samstag,Frei,"Kein Kunde",-,-,-,-,-,-,-,-,-,-,-,-
"Dreesstraße 6, 6",Sonntag,Frei,"Kein Kunde",-,-,-,-,-,-,-,-,-,-,-,-
"Dreesstraße 8, 8",Samstag,Frei,"Kein Kunde",-,-,-,-,-,-,-,-,-,-,-,-
"Dreesstraße 8, 8",Sonntag,Frei,"Kein Kunde",-,-,-,-,-,-,-,-,-,-,-,-
"Dreesstraße 10, 10",Samstag,Frei,"Kein Kunde",-,-,-,-,-,-,-,-,-,-,-,-
"Dreesstraße 10, 10",Sonntag,Frei,"Kein Kunde",-,-,-,-,-,-,-,-,-,-,-,-
"Dreesstraße 12, 12",Samstag,Frei,"Kein Kunde",-,-,-,-,-,-,-,-,-,-,-,-
"Dreesstraße 12, 12",Sonntag,Frei,"Kein Kunde",-,-,-,-,-,-,-,-,-,-,-,-
"Dreesstraße 14, 14",Samstag,Frei,"Kein Kunde",-,-,-,-,-,-,-,-,-,-,-,-
"Dreesstraße 14, 14",Sonntag,Frei,"Kein Kunde",-,-,-,-,-,-,-,-,-,-,-,-
"Dreesstraße 16, 16",Samstag,Frei,"Kein Kunde",-,-,-,-,-,-,-,-,-,-,-,-
"Dreesstraße 16, 16",Sonntag,Frei,"Kein Kunde",-,-,-,-,-,-,-,-,-,-,-,-
"Dreesstraße 18, 18",Samstag,Frei,"Kein Kunde",-,-,-,-,-,-,-,-,-,-,-,-
"Dreesstraße 18, 18",Sonntag,Frei,"Kein Kunde",-,-,-,-,-,-,-,-,-,-,-,-
"Dreesstraße 20, 20",Samstag,Frei,"Kein Kunde",-,-,-,-,-,-,-,-,-,-,-,-
"Dreesstraße 20, 20",Sonntag,Frei,"Kein Kunde",-,-,-,-,-,-,-,-,-,-,-,-
"Dreesstraße 22, 22",Samstag,Frei,"Kein Kunde",-,-,-,-,-,-,-,-,-,-,-,-
"Dreesstraße 22, 22",Sonntag,Frei,"Kein Kunde",-,-,-,-,-,-,-,-,-,-,-,-
"Dreesstraße 24, 24",Samstag,Frei,"Kein Kunde",-,-,-,-,-,-,-,-,-,-,-,-
"Dreesstraße 24, 24",Sonntag,Frei,"Kein Kunde",-,-,-,-,-,-,-,-,-,-,-,-
"Dreesstraße 26, 26",Samstag,Frei,"Kein Kunde",-,-,-,-,-,-,-,-,-,-,-,-
"Dreesstraße 26, 26",Sonntag,Frei,"Kein Kunde",-,-,-,-,-,-,-,-,-,-,-,-
"Dreesstraße 28, 28",Samstag,Frei,"Kein Kunde",-,-,-,-,-,-,-,-,-,-,-,-
"Dreesstraße 28, 28",Sonntag,Frei,"Kein Kunde",-,-,-,-,-,-,-,-,-,-,-,-
"Dreesstraße 30, 30",Samstag,Frei,"Kein Kunde",-,-,-,-,-,-,-,-,-,-,-,-
"Dreesstraße 30, 30",Sonntag,Frei,"Kein Kunde",-,-,-,-,-,-,-,-,-,-,-,-
"Dreesstraße 32, 32",Samstag,Frei,"Kein Kunde",-,-,-,-,-,-,-,-,-,-,-,-
"Dreesstraße 32, 32",Sonntag,Frei,"Kein Kunde",-,-,-,-,-,-,-,-,-,-,-,-
"Dreesstraße 34, 34",Samstag,Frei,"Kein Kunde",-,-,-,-,-,-,-,-,-,-,-,-
"Dreesstraße 34, 34",Sonntag,Frei,"Kein Kunde",-,-,-,-,-,-,-,-,-,-,-,-
"Dreesstraße 36, 36",Samstag,Frei,"Kein Kunde",-,-,-,-,-,-,-,-,-,-,-,-
"Dreesstraße 36, 36",Sonntag,Frei,"Kein Kunde",-,-,-,-,-,-,-,-,-,-,-,-
"Dreesstraße 38, 38",Samstag,Frei,"Kein Kunde",-,-,-,-,-,-,-,-,-,-,-,-
"Dreesstraße 38, 38",Sonntag,Frei,"Kein Kunde",-,-,-,-,-,-,-,-,-,-,-,-
"Dreesstraße 40, 40",Samstag,Frei,"Kein Kunde",-,-,-,-,-,-,-,-,-,-,-,-
"Dreesstraße 40, 40",Sonntag,Frei,"Kein Kunde",-,-,-,-,-,-,-,-,-,-,-,-
"Dreesstraße 42, 42",Samstag,Frei,"Kein Kunde",-,-,-,-,-,-,-,-,-,-,-,-
"Dreesstraße 42, 42",Sonntag,Frei,"Kein Kunde",-,-,-,-,-,-,-,-,-,-,-,-
"Dreesstraße 44, 44",Samstag,Frei,"Kein Kunde",-,-,-,-,-,-,-,-,-,-,-,-
"Dreesstraße 44, 44",Sonntag,Frei,"Kein Kunde",-,-,-,-,-,-,-,-,-,-,-,-
"Dreesstraße 46, 46",Samstag,Frei,"Kein Kunde",-,-,-,-,-,-,-,-,-,-,-,-
"Dreesstraße 46, 46",Sonntag,Frei,"Kein Kunde",-,-,-,-,-,-,-,-,-,-,-,-
"Dreesstraße 48, 48",Samstag,Frei,"Kein Kunde",-,-,-,-,-,-,-,-,-,-,-,-
"Dreesstraße 48, 48",Sonntag,Frei,"Kein Kunde",-,-,-,-,-,-,-,-,-,-,-,-
"Dreesstraße 50, 50",Samstag,Frei,"Kein Kunde",-,-,-,-,-,-,-,-,-,-,-,-
"Dreesstraße 50, 50",Sonntag,Frei,"Kein Kunde",-,-,-,-,-,-,-,-,-,-,-,-
"Dreesstraße 52, 52",Samstag,Frei,"Kein Kunde",-,-,-,-,-,-,-,-,-,-,-,-
"Dreesstraße 52, 52",Sonntag,Frei,"Kein Kunde",-,-,-,-,-,-,-,-,-,-,-,-
"Dreesstraße 54, 54",Samstag,Frei,"Kein Kunde",-,-,-,-,-,-,-,-,-,-,-,-
"Dreesstraße 54, 54",Sonntag,Frei,"Kein Kunde",-,-,-,-,-,-,-,-,-,-,-,-
"Dreesstraße 56, 56",Samstag,Frei,"Kein Kunde",-,-,-,-,-,-,-,-,-,-,-,-
"Dreesstraße 56, 56",Sonntag,Frei,"Kein Kunde",-,-,-,-,-,-,-,-,-,-,-,-
"Gänsestraße  1, 1",Samstag,Frei,"Kein Kunde",-,-,-,-,-,-,-,-,-,-,-,-
"Gänsestraße  1, 1",Sonntag,Frei,"Kein Kunde",-,-,-,-,-,-,-,-,-,-,-,-
"Gänsestraße 3, 3",Samstag,Frei,"Kein Kunde",-,-,-,-,-,-,-,-,-,-,-,-
"Gänsestraße 3, 3",Sonntag,Frei,"Kein Kunde",-,-,-,-,-,-,-,-,-,-,-,-
"Gänsestraße 5, 5",Samstag,Frei,"Kein Kunde",-,-,-,-,-,-,-,-,-,-,-,-
"Gänsestraße 5, 5",Sonntag,Frei,"Kein Kunde",-,-,-,-,-,-,-,-,-,-,-,-
"Gänsestraße 7, 7",Samstag,Frei,"Kein Kunde",-,-,-,-,-,-,-,-,-,-,-,-
"Gänsestraße 7, 7",Sonntag,Frei,"Kein Kunde",-,-,-,-,-,-,-,-,-,-,-,-
"Gänsestraße 9, 9",Samstag,Frei,"Kein Kunde",-,-,-,-,-,-,-,-,-,-,-,-
"Gänsestraße 9, 9",Sonntag,Frei,"Kein Kunde",-,-,-,-,-,-,-,-,-,-,-,-
"Gänsestraße 11, 11",Samstag,Frei,"Kein Kunde",-,-,-,-,-,-,-,-,-,-,-,-
"Gänsestraße 11, 11",Sonntag,Frei,"Kein Kunde",-,-,-,-,-,-,-,-,-,-,-,-
"Gänsestraße 13, 13",Samstag,Frei,"Kein Kunde",-,-,-,-,-,-,-,-,-,-,-,-
"Gänsestraße 13, 13",Sonntag,Frei,"Kein Kunde",-,-,-,-,-,-,-,-,-,-,-,-
"Gänsestraße 15, 15",Samstag,Frei,"Kein Kunde",-,-,-,-,-,-,-,-,-,-,-,-
"Gänsestraße 15, 15",Sonntag,Frei,"Kein Kunde",-,-,-,-,-,-,-,-,-,-,-,-
"Gänsestraße 17, 17",Samstag,Frei,"Kein Kunde",-,-,-,-,-,-,-,-,-,-,-,-
"Gänsestraße 17, 17",Sonntag,Frei,"Kein Kunde",-,-,-,-,-,-,-,-,-,-,-,-
"Gänsestraße 19, 19",Samstag,Frei,"Kein Kunde",-,-,-,-,-,-,-,-,-,-,-,-
"Gänsestraße 19, 19",Sonntag,Frei,"Kein Kunde",-,-,-,-,-,-,-,-,-,-,-,-
"Gänsestraße 21, 21",Samstag,Frei,"Kein Kunde",-,-,-,-,-,-,-,-,-,-,-,-
"Gänsestraße 21, 21",Sonntag,Frei,"Kein Kunde",-,-,-,-,-,-,-,-,-,-,-,-
"Gänsestraße 23, 23",Samstag,Frei,"Kein Kunde",-,-,-,-,-,-,-,-,-,-,-,-
"Gänsestraße 23, 23",Sonntag,Frei,"Kein Kunde",-,-,-,-,-,-,-,-,-,-,-,-
"Gänsestraße 25, 25",Samstag,Frei,"Kein Kunde",-,-,-,-,-,-,-,-,-,-,-,-
"Gänsestraße 25, 25",Sonntag,Frei,"Kein Kunde",-,-,-,-,-,-,-,-,-,-,-,-
"Gänsestraße 27, 27",Samstag,Frei,"Kein Kunde",-,-,-,-,-,-,-,-,-,-,-,-
"Gänsestraße 27, 27",Sonntag,Frei,"Kein Kunde",-,-,-,-,-,-,-,-,-,-,-,-
"Gänsestraße 29, 29",Samstag,Frei,"Kein Kunde",-,-,-,-,-,-,-,-,-,-,-,-
"Gänsestraße 29, 29",Sonntag,Frei,"Kein Kunde",-,-,-,-,-,-,-,-,-,-,-,-
"Gänsestraße 31, 31",Samstag,Frei,"Kein Kunde",-,-,-,-,-,-,-,-,-,-,-,-
"Gänsestraße 31, 31",Sonntag,Frei,"Kein Kunde",-,-,-,-,-,-,-,-,-,-,-,-
"Gänsestraße 33, 33",Samstag,Frei,"Kein Kunde",-,-,-,-,-,-,-,-,-,-,-,-
"Gänsestraße 33, 33",Sonntag,Frei,"Kein Kunde",-,-,-,-,-,-,-,-,-,-,-,-
"Gänsestraße 35, 35",Samstag,Frei,"Kein Kunde",-,-,-,-,-,-,-,-,-,-,-,-
"Gänsestraße 35, 35",Sonntag,Frei,"Kein Kunde",-,-,-,-,-,-,-,-,-,-,-,-
"Gänsestraße 37, 37",Samstag,Frei,"Kein Kunde",-,-,-,-,-,-,-,-,-,-,-,-
"Gänsestraße 37, 37",Sonntag,Frei,"Kein Kunde",-,-,-,-,-,-,-,-,-,-,-,-
"Gänsestraße 39, 39",Samstag,Frei,"Kein Kunde",-,-,-,-,-,-,-,-,-,-,-,-
"Gänsestraße 39, 39",Sonntag,Frei,"Kein Kunde",-,-,-,-,-,-,-,-,-,-,-,-
"Gänsestraße 41, 41",Samstag,Frei,"Kein Kunde",-,-,-,-,-,-,-,-,-,-,-,-
"Gänsestraße 41, 41",Sonntag,Frei,"Kein Kunde",-,-,-,-,-,-,-,-,-,-,-,-
"Gänsestraße 43, 43",Samstag,Frei,"Kein Kunde",-,-,-,-,-,-,-,-,-,-,-,-
"Gänsestraße 43, 43",Sonntag,Frei,"Kein Kunde",-,-,-,-,-,-,-,-,-,-,-,-
"Gänsestraße 45, 45",Samstag,Frei,"Kein Kunde",-,-,-,-,-,-,-,-,-,-,-,-
"Gänsestraße 45, 45",Sonntag,Frei,"Kein Kunde",-,-,-,-,-,-,-,-,-,-,-,-
"Gänsestraße 47, 47",Samstag,Frei,"Kein Kunde",-,-,-,-,-,-,-,-,-,-,-,-
"Gänsestraße 47, 47",Sonntag,Frei,"Kein Kunde",-,-,-,-,-,-,-,-,-,-,-,-
"Gänsestraße 49, 49",Samstag,Frei,"Kein Kunde",-,-,-,-,-,-,-,-,-,-,-,-
"Gänsestraße 49, 49",Sonntag,Frei,"Kein Kunde",-,-,-,-,-,-,-,-,-,-,-,-
"Gänsestraße 51, 51",Samstag,Frei,"Kein Kunde",-,-,-,-,-,-,-,-,-,-,-,-
"Gänsestraße 51, 51",Sonntag,Frei,"Kein Kunde",-,-,-,-,-,-,-,-,-,-,-,-
"Gänsestraße 53, 53",Samstag,Frei,"Kein Kunde",-,-,-,-,-,-,-,-,-,-,-,-
"Gänsestraße 53, 53",Sonntag,Frei,"Kein Kunde",-,-,-,-,-,-,-,-,-,-,-,-
"Gänsestraße 55, 55",Samstag,Frei,"Kein Kunde",-,-,-,-,-,-,-,-,-,-,-,-
"Gänsestraße 55, 55",Sonntag,Frei,"Kein Kunde",-,-,-,-,-,-,-,-,-,-,-,-
"Gänsestraße 57, 57",Samstag,Frei,"Kein Kunde",-,-,-,-,-,-,-,-,-,-,-,-
"Gänsestraße 57, 57",Sonntag,Frei,"Kein Kunde",-,-,-,-,-,-,-,-,-,-,-,-
"Gänsestraße 59, 59",Samstag,Frei,"Kein Kunde",-,-,-,-,-,-,-,-,-,-,-,-
"Gänsestraße 59, 59",Sonntag,Frei,"Kein Kunde",-,-,-,-,-,-,-,-,-,-,-,-
"Gänsestraße 61, 61",Samstag,Frei,"Kein Kunde",-,-,-,-,-,-,-,-,-,-,-,-
"Gänsestraße 61, 61",Sonntag,Frei,"Kein Kunde",-,-,-,-,-,-,-,-,-,-,-,-
"Gänsestraße 63, 63",Samstag,Frei,"Kein Kunde",-,-,-,-,-,-,-,-,-,-,-,-
"Gänsestraße 63, 63",Sonntag,Frei,"Kein Kunde",-,-,-,-,-,-,-,-,-,-,-,-
"Gänsestraße 65, 65",Samstag,Frei,"Kein Kunde",-,-,-,-,-,-,-,-,-,-,-,-
"Gänsestraße 65, 65",Sonntag,Frei,"Kein Kunde",-,-,-,-,-,-,-,-,-,-,-,-
"Gänsestraße 67, 67",Samstag,Frei,"Kein Kunde",-,-,-,-,-,-,-,-,-,-,-,-
"Gänsestraße 67, 67",Sonntag,Frei,"Kein Kunde",-,-,-,-,-,-,-,-,-,-,-,-
"Gänsestraße 69, 69",Samstag,Frei,"Kein Kunde",-,-,-,-,-,-,-,-,-,-,-,-
"Gänsestraße 69, 69",Sonntag,Frei,"Kein Kunde",-,-,-,-,-,-,-,-,-,-,-,-
"Gänsestraße 71, 71",Samstag,Frei,"Kein Kunde",-,-,-,-,-,-,-,-,-,-,-,-
"Gänsestraße 71, 71",Sonntag,Frei,"Kein Kunde",-,-,-,-,-,-,-,-,-,-,-,-
"Gänsestraße 73, 73",Samstag,Frei,"Kein Kunde",-,-,-,-,-,-,-,-,-,-,-,-
"Gänsestraße 73, 73",Sonntag,Frei,"Kein Kunde",-,-,-,-,-,-,-,-,-,-,-,-
"Gänsestraße 75, 75",Samstag,Frei,"Kein Kunde",-,-,-,-,-,-,-,-,-,-,-,-
"Gänsestraße 75, 75",Sonntag,Frei,"Kein Kunde",-,-,-,-,-,-,-,-,-,-,-,-
"Gänsestraße 77, 77",Samstag,Frei,"Kein Kunde",-,-,-,-,-,-,-,-,-,-,-,-
"Gänsestraße 77, 77",Sonntag,Frei,"Kein Kunde",-,-,-,-,-,-,-,-,-,-,-,-
"Gänsestraße 79, 79",Samstag,Frei,"Kein Kunde",-,-,-,-,-,-,-,-,-,-,-,-
"Gänsestraße 79, 79",Sonntag,Frei,"Kein Kunde",-,-,-,-,-,-,-,-,-,-,-,-
"Gänsestraße 81, 81",Samstag,Frei,"Kein Kunde",-,-,-,-,-,-,-,-,-,-,-,-
"Gänsestraße 81, 81",Sonntag,Frei,"Kein Kunde",-,-,-,-,-,-,-,-,-,-,-,-
"Gänsestraße 83, 83",Samstag,Frei,"Kein Kunde",-,-,-,-,-,-,-,-,-,-,-,-
"Gänsestraße 83, 83",Sonntag,Frei,"Kein Kunde",-,-,-,-,-,-,-,-,-,-,-,-
"Gänsestraße 85, 85",Samstag,Frei,"Kein Kunde",-,-,-,-,-,-,-,-,-,-,-,-
"Gänsestraße 85, 85",Sonntag,Frei,"Kein Kunde",-,-,-,-,-,-,-,-,-,-,-,-
"Gänsestraße 87, 87",Samstag,Frei,"Kein Kunde",-,-,-,-,-,-,-,-,-,-,-,-
"Gänsestraße 87, 87",Sonntag,Frei,"Kein Kunde",-,-,-,-,-,-,-,-,-,-,-,-
"Gänsestraße 89, 89",Samstag,Frei,"Kein Kunde",-,-,-,-,-,-,-,-,-,-,-,-
"Gänsestraße 89, 89",Sonntag,Frei,"Kein Kunde",-,-,-,-,-,-,-,-,-,-,-,-
"Gänsestraße 91, 91",Samstag,Frei,"Kein Kunde",-,-,-,-,-,-,-,-,-,-,-,-
"Gänsestraße 91, 91",Sonntag,Frei,"Kein Kunde",-,-,-,-,-,-,-,-,-,-,-,-
"Gänsestraße 93, 93",Samstag,Frei,"Kein Kunde",-,-,-,-,-,-,-,-,-,-,-,-
"Gänsestraße 93, 93",Sonntag,Frei,"Kein Kunde",-,-,-,-,-,-,-,-,-,-,-,-
"Gänsestraße 95, 95",Samstag,Frei,"Kein Kunde",-,-,-,-,-,-,-,-,-,-,-,-
"Gänsestraße 95, 95",Sonntag,Frei,"Kein Kunde",-,-,-,-,-,-,-,-,-,-,-,-
"Gänsestraße 97, 97",Samstag,Frei,"Kein Kunde",-,-,-,-,-,-,-,-,-,-,-,-
"Gänsestraße 97, 97",Sonntag,Frei,"Kein Kunde",-,-,-,-,-,-,-,-,-,-,-,-
"Gänsestraße 99, 99",Samstag,Frei,"Kein Kunde",-,-,-,-,-,-,-,-,-,-,-,-
"Gänsestraße 99, 99",Sonntag,Frei,"Kein Kunde",-,-,-,-,-,-,-,-,-,-,-,-
"Gänsestraße 101, 101",Samstag,Frei,"Kein Kunde",-,-,-,-,-,-,-,-,-,-,-,-
"Gänsestraße 101, 101",Sonntag,Frei,"Kein Kunde",-,-,-,-,-,-,-,-,-,-,-,-
"Gänsestraße 103, 103",Samstag,Frei,"Kein Kunde",-,-,-,-,-,-,-,-,-,-,-,-
"Gänsestraße 103, 103",Sonntag,Frei,"Kein Kunde",-,-,-,-,-,-,-,-,-,-,-,-
"Gänsestraße 105, 105",Samstag,Frei,"Kein Kunde",-,-,-,-,-,-,-,-,-,-,-,-
"Gänsestraße 105, 105",Sonntag,Frei,"Kein Kunde",-,-,-,-,-,-,-,-,-,-,-,-
"Gänsestraße 107, 107",Samstag,Frei,"Kein Kunde",-,-,-,-,-,-,-,-,-,-,-,-
"Gänsestraße 107, 107",Sonntag,Frei,"Kein Kunde",-,-,-,-,-,-,-,-,-,-,-,-
"Gänsestraße 109, 109",Samstag,Frei,"Kein Kunde",-,-,-,-,-,-,-,-,-,-,-,-
"Gänsestraße 109, 109",Sonntag,Frei,"Kein Kunde",-,-,-,-,-,-,-,-,-,-,-,-
"Gänsestraße 111, 111",Samstag,Frei,"Kein Kunde",-,-,-,-,-,-,-,-,-,-,-,-
"Gänsestraße 111, 111",Sonntag,Frei,"Kein Kunde",-,-,-,-,-,-,-,-,-,-,-,-
"Gänsestraße 113, 113",Samstag,Frei,"Kein Kunde",-,-,-,-,-,-,-,-,-,-,-,-
"Gänsestraße 113, 113",Sonntag,Frei,"Kein Kunde",-,-,-,-,-,-,-,-,-,-,-,-
"Gänsestraße 115, 115",Samstag,Frei,"Kein Kunde",-,-,-,-,-,-,-,-,-,-,-,-
"Gänsestraße 115, 115",Sonntag,Frei,"Kein Kunde",-,-,-,-,-,-,-,-,-,-,-,-
"Gänsestraße 117, 117",Samstag,Frei,"Kein Kunde",-,-,-,-,-,-,-,-,-,-,-,-
"Gänsestraße 117, 117",Sonntag,Frei,"Kein Kunde",-,-,-,-,-,-,-,-,-,-,-,-
"Gänsestraße 119, 119",Samstag,Frei,"Kein Kunde",-,-,-,-,-,-,-,-,-,-,-,-
"Gänsestraße 119, 119",Sonntag,Frei,"Kein Kunde",-,-,-,-,-,-,-,-,-,-,-,-
"Gänsestraße 121, 121",Samstag,Frei,"Kein Kunde",-,-,-,-,-,-,-,-,-,-,-,-
"Gänsestraße 121, 121",Sonntag,Frei,"Kein Kunde",-,-,-,-,-,-,-,-,-,-,-,-
"Gänsestraße 123, 123",Samstag,Frei,"Kein Kunde",-,-,-,-,-,-,-,-,-,-,-,-
"Gänsestraße 123, 123",Sonntag,Frei,"Kein Kunde",-,-,-,-,-,-,-,-,-,-,-,-
"Gänsestraße 125, 125",Samstag,Frei,"Kein Kunde",-,-,-,-,-,-,-,-,-,-,-,-
"Gänsestraße 125, 125",Sonntag,Frei,"Kein Kunde",-,-,-,-,-,-,-,-,-,-,-,-
"Gänsestraße 127, 127",Samstag,Frei,"Kein Kunde",-,-,-,-,-,-,-,-,-,-,-,-
"Gänsestraße 127, 127",Sonntag,Frei,"Kein Kunde",-,-,-,-,-,-,-,-,-,-,-,-
"Gänsestraße 129, 129",Samstag,Frei,"Kein Kunde",-,-,-,-,-,-,-,-,-,-,-,-
"Gänsestraße 129, 129",Sonntag,Frei,"Kein Kunde",-,-,-,-,-,-,-,-,-,-,-,-
"Gänsestraße 131, 131",Samstag,Frei,"Kein Kunde",-,-,-,-,-,-,-,-,-,-,-,-
"Gänsestraße 131, 131",Sonntag,Frei,"Kein Kunde",-,-,-,-,-,-,-,-,-,-,-,-
"Gänsestraße 133, 133",Samstag,Frei,"Kein Kunde",-,-,-,-,-,-,-,-,-,-,-,-
"Gänsestraße 133, 133",Sonntag,Frei,"Kein Kunde",-,-,-,-,-,-,-,-,-,-,-,-
"Gänsestraße 135, 135",Samstag,Frei,"Kein Kunde",-,-,-,-,-,-,-,-,-,-,-,-
"Gänsestraße 135, 135",Sonntag,Frei,"Kein Kunde",-,-,-,-,-,-,-,-,-,-,-,-
"Gänsestraße 2, 2",Samstag,Frei,"Kein Kunde",-,-,-,-,-,-,-,-,-,-,-,-
"Gänsestraße 2, 2",Sonntag,Frei,"Kein Kunde",-,-,-,-,-,-,-,-,-,-,-,-
"Gänsestraße 4, 4",Samstag,Frei,"Kein Kunde",-,-,-,-,-,-,-,-,-,-,-,-
"Gänsestraße 4, 4",Sonntag,Frei,"Kein Kunde",-,-,-,-,-,-,-,-,-,-,-,-
"Gänsestraße 6, 6",Samstag,Frei,"Kein Kunde",-,-,-,-,-,-,-,-,-,-,-,-
"Gänsestraße 6, 6",Sonntag,Frei,"Kein Kunde",-,-,-,-,-,-,-,-,-,-,-,-
"Gänsestraße 8, 8",Samstag,Frei,"Kein Kunde",-,-,-,-,-,-,-,-,-,-,-,-
"Gänsestraße 8, 8",Sonntag,Frei,"Kein Kunde",-,-,-,-,-,-,-,-,-,-,-,-
"Gänsestraße 10, 10",Samstag,Frei,"Kein Kunde",-,-,-,-,-,-,-,-,-,-,-,-
"Gänsestraße 10, 10",Sonntag,Frei,"Kein Kunde",-,-,-,-,-,-,-,-,-,-,-,-
"Gänsestraße 12, 12",Samstag,Frei,"Kein Kunde",-,-,-,-,-,-,-,-,-,-,-,-
"Gänsestraße 12, 12",Sonntag,Frei,"Kein Kunde",-,-,-,-,-,-,-,-,-,-,-,-
"Gänsestraße 14, 14",Samstag,Frei,"Kein Kunde",-,-,-,-,-,-,-,-,-,-,-,-
"Gänsestraße 14, 14",Sonntag,Frei,"Kein Kunde",-,-,-,-,-,-,-,-,-,-,-,-
"Gänsestraße 16, 16",Samstag,Frei,"Kein Kunde",-,-,-,-,-,-,-,-,-,-,-,-
"Gänsestraße 16, 16",Sonntag,Frei,"Kein Kunde",-,-,-,-,-,-,-,-,-,-,-,-
"Gänsestraße 18, 18",Samstag,Frei,"Kein Kunde",-,-,-,-,-,-,-,-,-,-,-,-
"Gänsestraße 18, 18",Sonntag,Frei,"Kein Kunde",-,-,-,-,-,-,-,-,-,-,-,-
"Gänsestraße 20, 20",Samstag,Frei,"Kein Kunde",-,-,-,-,-,-,-,-,-,-,-,-
"Gänsestraße 20, 20",Sonntag,Frei,"Kein Kunde",-,-,-,-,-,-,-,-,-,-,-,-
"Gänsestraße 22, 22",Samstag,Frei,"Kein Kunde",-,-,-,-,-,-,-,-,-,-,-,-
"Gänsestraße 22, 22",Sonntag,Frei,"Kein Kunde",-,-,-,-,-,-,-,-,-,-,-,-
"Gänsestraße 24, 24",Samstag,Frei,"Kein Kunde",-,-,-,-,-,-,-,-,-,-,-,-
"Gänsestraße 24, 24",Sonntag,Frei,"Kein Kunde",-,-,-,-,-,-,-,-,-,-,-,-
"Gänsestraße 26, 26",Samstag,Frei,"Kein Kunde",-,-,-,-,-,-,-,-,-,-,-,-
"Gänsestraße 26, 26",Sonntag,Frei,"Kein Kunde",-,-,-,-,-,-,-,-,-,-,-,-
"Gänsestraße 28, 28",Samstag,Frei,"Kein Kunde",-,-,-,-,-,-,-,-,-,-,-,-
"Gänsestraße 28, 28",Sonntag,Frei,"Kein Kunde",-,-,-,-,-,-,-,-,-,-,-,-
"Gänsestraße 30, 30",Samstag,Frei,"Kein Kunde",-,-,-,-,-,-,-,-,-,-,-,-
"Gänsestraße 30, 30",Sonntag,Frei,"Kein Kunde",-,-,-,-,-,-,-,-,-,-,-,-
"Gänsestraße 32, 32",Samstag,Frei,"Kein Kunde",-,-,-,-,-,-,-,-,-,-,-,-
"Gänsestraße 32, 32",Sonntag,Frei,"Kein Kunde",-,-,-,-,-,-,-,-,-,-,-,-
"Gänsestraße 34, 34",Samstag,Frei,"Kein Kunde",-,-,-,-,-,-,-,-,-,-,-,-
"Gänsestraße 34, 34",Sonntag,Frei,"Kein Kunde",-,-,-,-,-,-,-,-,-,-,-,-
"Gänsestraße 36, 36",Samstag,Frei,"Kein Kunde",-,-,-,-,-,-,-,-,-,-,-,-
"Gänsestraße 36, 36",Sonntag,Frei,"Kein Kunde",-,-,-,-,-,-,-,-,-,-,-,-
"Gänsestraße 38, 38",Samstag,Frei,"Kein Kunde",-,-,-,-,-,-,-,-,-,-,-,-
"Gänsestraße 38, 38",Sonntag,Frei,"Kein Kunde",-,-,-,-,-,-,-,-,-,-,-,-
"Gänsestraße 40, 40",Samstag,Frei,"Kein Kunde",-,-,-,-,-,-,-,-,-,-,-,-
"Gänsestraße 40, 40",Sonntag,Frei,"Kein Kunde",-,-,-,-,-,-,-,-,-,-,-,-
"Gänsestraße 42, 42",Samstag,Frei,"Kein Kunde",-,-,-,-,-,-,-,-,-,-,-,-
"Gänsestraße 42, 42",Sonntag,Frei,"Kein Kunde",-,-,-,-,-,-,-,-,-,-,-,-
"Gänsestraße 44, 44",Samstag,Frei,"Kein Kunde",-,-,-,-,-,-,-,-,-,-,-,-
"Gänsestraße 44, 44",Sonntag,Frei,"Kein Kunde",-,-,-,-,-,-,-,-,-,-,-,-
"Gänsestraße 46, 46",Samstag,Frei,"Kein Kunde",-,-,-,-,-,-,-,-,-,-,-,-
"Gänsestraße 46, 46",Sonntag,Frei,"Kein Kunde",-,-,-,-,-,-,-,-,-,-,-,-
"Gänsestraße 48, 48",Samstag,Frei,"Kein Kunde",-,-,-,-,-,-,-,-,-,-,-,-
"Gänsestraße 48, 48",Sonntag,Frei,"Kein Kunde",-,-,-,-,-,-,-,-,-,-,-,-
"Gänsestraße 50, 50",Samstag,Frei,"Kein Kunde",-,-,-,-,-,-,-,-,-,-,-,-
"Gänsestraße 50, 50",Sonntag,Frei,"Kein Kunde",-,-,-,-,-,-,-,-,-,-,-,-
"Gänsestraße 52, 52",Samstag,Frei,"Kein Kunde",-,-,-,-,-,-,-,-,-,-,-,-
"Gänsestraße 52, 52",Sonntag,Frei,"Kein Kunde",-,-,-,-,-,-,-,-,-,-,-,-
"Gänsestraße 54, 54",Samstag,Frei,"Kein Kunde",-,-,-,-,-,-,-,-,-,-,-,-
"Gänsestraße 54, 54",Sonntag,Frei,"Kein Kunde",-,-,-,-,-,-,-,-,-,-,-,-
"Gänsestraße 56, 56",Samstag,Frei,"Kein Kunde",-,-,-,-,-,-,-,-,-,-,-,-
"Gänsestraße 56, 56",Sonntag,Frei,"Kein Kunde",-,-,-,-,-,-,-,-,-,-,-,-
"Gänsestraße 58, 58",Samstag,Frei,"Kein Kunde",-,-,-,-,-,-,-,-,-,-,-,-
"Gänsestraße 58, 58",Sonntag,Frei,"Kein Kunde",-,-,-,-,-,-,-,-,-,-,-,-
"Gänsestraße 60, 60",Samstag,Frei,"Kein Kunde",-,-,-,-,-,-,-,-,-,-,-,-
"Gänsestraße 60, 60",Sonntag,Frei,"Kein Kunde",-,-,-,-,-,-,-,-,-,-,-,-
"Gänsestraße 62, 62",Samstag,Frei,"Kein Kunde",-,-,-,-,-,-,-,-,-,-,-,-
"Gänsestraße 62, 62",Sonntag,Frei,"Kein Kunde",-,-,-,-,-,-,-,-,-,-,-,-
"Gänsestraße 64, 64",Samstag,Frei,"Kein Kunde",-,-,-,-,-,-,-,-,-,-,-,-
"Gänsestraße 64, 64",Sonntag,Frei,"Kein Kunde",-,-,-,-,-,-,-,-,-,-,-,-
"Gänsestraße 66, 66",Samstag,Frei,"Kein Kunde",-,-,-,-,-,-,-,-,-,-,-,-
"Gänsestraße 66, 66",Sonntag,Frei,"Kein Kunde",-,-,-,-,-,-,-,-,-,-,-,-
"Gänsestraße 68, 68",Samstag,Frei,"Kein Kunde",-,-,-,-,-,-,-,-,-,-,-,-
"Gänsestraße 68, 68",Sonntag,Frei,"Kein Kunde",-,-,-,-,-,-,-,-,-,-,-,-
"Gänsestraße 70, 70",Samstag,Frei,"Kein Kunde",-,-,-,-,-,-,-,-,-,-,-,-
"Gänsestraße 70, 70",Sonntag,Frei,"Kein Kunde",-,-,-,-,-,-,-,-,-,-,-,-
"Gänsestraße 72, 72",Samstag,Frei,"Kein Kunde",-,-,-,-,-,-,-,-,-,-,-,-
"Gänsestraße 72, 72",Sonntag,Frei,"Kein Kunde",-,-,-,-,-,-,-,-,-,-,-,-
"Gänsestraße 74, 74",Samstag,Frei,"Kein Kunde",-,-,-,-,-,-,-,-,-,-,-,-
"Gänsestraße 74, 74",Sonntag,Frei,"Kein Kunde",-,-,-,-,-,-,-,-,-,-,-,-
"Gänsestraße 76, 76",Samstag,Frei,"Kein Kunde",-,-,-,-,-,-,-,-,-,-,-,-
"Gänsestraße 76, 76",Sonntag,Frei,"Kein Kunde",-,-,-,-,-,-,-,-,-,-,-,-
"Gänsestraße 78, 78",Samstag,Frei,"Kein Kunde",-,-,-,-,-,-,-,-,-,-,-,-
"Gänsestraße 78, 78",Sonntag,Frei,"Kein Kunde",-,-,-,-,-,-,-,-,-,-,-,-
"Gänsestraße 80, 80",Samstag,Frei,"Kein Kunde",-,-,-,-,-,-,-,-,-,-,-,-
"Gänsestraße 80, 80",Sonntag,Frei,"Kein Kunde",-,-,-,-,-,-,-,-,-,-,-,-
"Gänsestraße 82, 82",Samstag,Frei,"Kein Kunde",-,-,-,-,-,-,-,-,-,-,-,-
"Gänsestraße 82, 82",Sonntag,Frei,"Kein Kunde",-,-,-,-,-,-,-,-,-,-,-,-
"Gänsestraße 84, 84",Samstag,Frei,"Kein Kunde",-,-,-,-,-,-,-,-,-,-,-,-
"Gänsestraße 84, 84",Sonntag,Frei,"Kein Kunde",-,-,-,-,-,-,-,-,-,-,-,-
"Gänsestraße 86, 86",Samstag,Frei,"Kein Kunde",-,-,-,-,-,-,-,-,-,-,-,-
"Gänsestraße 86, 86",Sonntag,Frei,"Kein Kunde",-,-,-,-,-,-,-,-,-,-,-,-
"Gänsestraße 88, 88",Samstag,Frei,"Kein Kunde",-,-,-,-,-,-,-,-,-,-,-,-
"Gänsestraße 88, 88",Sonntag,Frei,"Kein Kunde",-,-,-,-,-,-,-,-,-,-,-,-
"Gänsestraße 90, 90",Samstag,Frei,"Kein Kunde",-,-,-,-,-,-,-,-,-,-,-,-
"Gänsestraße 90, 90",Sonntag,Frei,"Kein Kunde",-,-,-,-,-,-,-,-,-,-,-,-
"Gänsestraße 92, 92",Samstag,Frei,"Kein Kunde",-,-,-,-,-,-,-,-,-,-,-,-
"Gänsestraße 92, 92",Sonntag,Frei,"Kein Kunde",-,-,-,-,-,-,-,-,-,-,-,-
"Gänsestraße 94, 94",Samstag,Frei,"Kein Kunde",-,-,-,-,-,-,-,-,-,-,-,-
"Gänsestraße 94, 94",Sonntag,Frei,"Kein Kunde",-,-,-,-,-,-,-,-,-,-,-,-
"Gänsestraße 96, 96",Samstag,Frei,"Kein Kunde",-,-,-,-,-,-,-,-,-,-,-,-
"Gänsestraße 96, 96",Sonntag,Frei,"Kein Kunde",-,-,-,-,-,-,-,-,-,-,-,-
"Gänsestraße 98, 98",Samstag,Frei,"Kein Kunde",-,-,-,-,-,-,-,-,-,-,-,-
"Gänsestraße 98, 98",Sonntag,Frei,"Kein Kunde",-,-,-,-,-,-,-,-,-,-,-,-
"Gänsestraße 100, 100",Samstag,Verkauft,"Tim Schlautmann (Privat_troedel)",644,20€,3m,"0,6m",,,,,,,,Bezahlt
"Gänsestraße 100, 100",Sonntag,Frei,"Tim Schlautmann (Privat_troedel)",-,-,-,-,-,-,-,-,-,-,-,-
"Gänsestraße 102, 102",Samstag,Frei,"Kein Kunde",-,-,-,-,-,-,-,-,-,-,-,-
"Gänsestraße 102, 102",Sonntag,Frei,"Kein Kunde",-,-,-,-,-,-,-,-,-,-,-,-
"Gänsestraße 104, 104",Samstag,Frei,"Kein Kunde",-,-,-,-,-,-,-,-,-,-,-,-
"Gänsestraße 104, 104",Sonntag,Frei,"Kein Kunde",-,-,-,-,-,-,-,-,-,-,-,-
"Gänsestraße 106, 106",Samstag,Frei,"Kein Kunde",-,-,-,-,-,-,-,-,-,-,-,-
"Gänsestraße 106, 106",Sonntag,Frei,"Kein Kunde",-,-,-,-,-,-,-,-,-,-,-,-
"Gänsestraße 108, 108",Samstag,Frei,"Kein Kunde",-,-,-,-,-,-,-,-,-,-,-,-
"Gänsestraße 108, 108",Sonntag,Frei,"Kein Kunde",-,-,-,-,-,-,-,-,-,-,-,-
"Gänsestraße 110, 110",Samstag,Frei,"Kein Kunde",-,-,-,-,-,-,-,-,-,-,-,-
"Gänsestraße 110, 110",Sonntag,Frei,"Kein Kunde",-,-,-,-,-,-,-,-,-,-,-,-
"Gänsestraße 112, 112",Samstag,Frei,"Kein Kunde",-,-,-,-,-,-,-,-,-,-,-,-
"Gänsestraße 112, 112",Sonntag,Frei,"Kein Kunde",-,-,-,-,-,-,-,-,-,-,-,-
"Gänsestraße 114, 114",Samstag,Frei,"Kein Kunde",-,-,-,-,-,-,-,-,-,-,-,-
"Gänsestraße 114, 114",Sonntag,Frei,"Kein Kunde",-,-,-,-,-,-,-,-,-,-,-,-
"Gänsestraße 116, 116",Samstag,Frei,"Kein Kunde",-,-,-,-,-,-,-,-,-,-,-,-
"Gänsestraße 116, 116",Sonntag,Frei,"Kein Kunde",-,-,-,-,-,-,-,-,-,-,-,-
"Gänsestraße 118, 118",Samstag,Frei,"Kein Kunde",-,-,-,-,-,-,-,-,-,-,-,-
"Gänsestraße 118, 118",Sonntag,Frei,"Kein Kunde",-,-,-,-,-,-,-,-,-,-,-,-
"Gänsestraße 120, 120",Samstag,Frei,"Kein Kunde",-,-,-,-,-,-,-,-,-,-,-,-
"Gänsestraße 120, 120",Sonntag,Frei,"Kein Kunde",-,-,-,-,-,-,-,-,-,-,-,-
"Gänsestraße 122, 122",Samstag,Frei,"Kein Kunde",-,-,-,-,-,-,-,-,-,-,-,-
"Gänsestraße 122, 122",Sonntag,Frei,"Kein Kunde",-,-,-,-,-,-,-,-,-,-,-,-
"Gänsestraße 124, 124",Samstag,Frei,"Kein Kunde",-,-,-,-,-,-,-,-,-,-,-,-
"Gänsestraße 124, 124",Sonntag,Frei,"Kein Kunde",-,-,-,-,-,-,-,-,-,-,-,-
"Gänsestraße 126, 126",Samstag,Frei,"Kein Kunde",-,-,-,-,-,-,-,-,-,-,-,-
"Gänsestraße 126, 126",Sonntag,Frei,"Kein Kunde",-,-,-,-,-,-,-,-,-,-,-,-
"Gänsestraße 128, 128",Samstag,Frei,"Kein Kunde",-,-,-,-,-,-,-,-,-,-,-,-
"Gänsestraße 128, 128",Sonntag,Frei,"Kein Kunde",-,-,-,-,-,-,-,-,-,-,-,-
"Gänsestraße 130, 130",Samstag,Frei,"Kein Kunde",-,-,-,-,-,-,-,-,-,-,-,-
"Gänsestraße 130, 130",Sonntag,Frei,"Kein Kunde",-,-,-,-,-,-,-,-,-,-,-,-
"Gänsestraße 132, 132",Samstag,Frei,"Kein Kunde",-,-,-,-,-,-,-,-,-,-,-,-
"Gänsestraße 132, 132",Sonntag,Frei,"Kein Kunde",-,-,-,-,-,-,-,-,-,-,-,-
"Gänsestraße 134, 134",Samstag,Frei,"Kein Kunde",-,-,-,-,-,-,-,-,-,-,-,-
"Gänsestraße 134, 134",Sonntag,Frei,"Kein Kunde",-,-,-,-,-,-,-,-,-,-,-,-
"Gänsestraße 136, 136",Samstag,Frei,"Kein Kunde",-,-,-,-,-,-,-,-,-,-,-,-
"Gänsestraße 136, 136",Sonntag,Frei,"Kein Kunde",-,-,-,-,-,-,-,-,-,-,-,-
"Gevastraße  1, 1",Samstag,Frei,"Kein Kunde",-,-,-,-,-,-,-,-,-,-,-,-
"Gevastraße  1, 1",Sonntag,Frei,"Kein Kunde",-,-,-,-,-,-,-,-,-,-,-,-
"Gevastraße 3, 3",Samstag,Frei,"Kein Kunde",-,-,-,-,-,-,-,-,-,-,-,-
"Gevastraße 3, 3",Sonntag,Frei,"Kein Kunde",-,-,-,-,-,-,-,-,-,-,-,-
"Gevastraße 5, 5",Samstag,Frei,"Kein Kunde",-,-,-,-,-,-,-,-,-,-,-,-
"Gevastraße 5, 5",Sonntag,Frei,"Kein Kunde",-,-,-,-,-,-,-,-,-,-,-,-
"Gevastraße 7, 7",Samstag,Frei,"Kein Kunde",-,-,-,-,-,-,-,-,-,-,-,-
"Gevastraße 7, 7",Sonntag,Frei,"Kein Kunde",-,-,-,-,-,-,-,-,-,-,-,-
"Gevastraße 9, 9",Samstag,Frei,"Kein Kunde",-,-,-,-,-,-,-,-,-,-,-,-
"Gevastraße 9, 9",Sonntag,Frei,"Kein Kunde",-,-,-,-,-,-,-,-,-,-,-,-
"Gevastraße 11, 11",Samstag,Frei,"Kein Kunde",-,-,-,-,-,-,-,-,-,-,-,-
"Gevastraße 11, 11",Sonntag,Frei,"Kein Kunde",-,-,-,-,-,-,-,-,-,-,-,-
"Gevastraße 13, 13",Samstag,Frei,"Kein Kunde",-,-,-,-,-,-,-,-,-,-,-,-
"Gevastraße 13, 13",Sonntag,Frei,"Kein Kunde",-,-,-,-,-,-,-,-,-,-,-,-
"Gevastraße 15, 15",Samstag,Frei,"Kein Kunde",-,-,-,-,-,-,-,-,-,-,-,-
"Gevastraße 15, 15",Sonntag,Frei,"Kein Kunde",-,-,-,-,-,-,-,-,-,-,-,-
"Gevastraße 17, 17",Samstag,Frei,"Kein Kunde",-,-,-,-,-,-,-,-,-,-,-,-
"Gevastraße 17, 17",Sonntag,Frei,"Kein Kunde",-,-,-,-,-,-,-,-,-,-,-,-
"Gevastraße 19, 19",Samstag,Frei,"Kein Kunde",-,-,-,-,-,-,-,-,-,-,-,-
"Gevastraße 19, 19",Sonntag,Frei,"Kein Kunde",-,-,-,-,-,-,-,-,-,-,-,-
"Gevastraße 21, 21",Samstag,Frei,"Kein Kunde",-,-,-,-,-,-,-,-,-,-,-,-
"Gevastraße 21, 21",Sonntag,Frei,"Kein Kunde",-,-,-,-,-,-,-,-,-,-,-,-
"Gevastraße 23, 23",Samstag,Frei,"Kein Kunde",-,-,-,-,-,-,-,-,-,-,-,-
"Gevastraße 23, 23",Sonntag,Frei,"Kein Kunde",-,-,-,-,-,-,-,-,-,-,-,-
"Gevastraße 2, 2",Samstag,Frei,"Kein Kunde",-,-,-,-,-,-,-,-,-,-,-,-
"Gevastraße 2, 2",Sonntag,Frei,"Kein Kunde",-,-,-,-,-,-,-,-,-,-,-,-
"Gevastraße 4, 4",Samstag,Frei,"Kein Kunde",-,-,-,-,-,-,-,-,-,-,-,-
"Gevastraße 4, 4",Sonntag,Frei,"Kein Kunde",-,-,-,-,-,-,-,-,-,-,-,-
"Gevastraße 6, 6",Samstag,Frei,"Kein Kunde",-,-,-,-,-,-,-,-,-,-,-,-
"Gevastraße 6, 6",Sonntag,Frei,"Kein Kunde",-,-,-,-,-,-,-,-,-,-,-,-
"Gevastraße 8, 8",Samstag,Frei,"Kein Kunde",-,-,-,-,-,-,-,-,-,-,-,-
"Gevastraße 8, 8",Sonntag,Frei,"Kein Kunde",-,-,-,-,-,-,-,-,-,-,-,-
"Gevastraße 10, 10",Samstag,Frei,"Kein Kunde",-,-,-,-,-,-,-,-,-,-,-,-
"Gevastraße 10, 10",Sonntag,Frei,"Kein Kunde",-,-,-,-,-,-,-,-,-,-,-,-
"Gevastraße 12, 12",Samstag,Frei,"Kein Kunde",-,-,-,-,-,-,-,-,-,-,-,-
"Gevastraße 12, 12",Sonntag,Frei,"Kein Kunde",-,-,-,-,-,-,-,-,-,-,-,-
"Gevastraße 14, 14",Samstag,Frei,"Kein Kunde",-,-,-,-,-,-,-,-,-,-,-,-
"Gevastraße 14, 14",Sonntag,Frei,"Kein Kunde",-,-,-,-,-,-,-,-,-,-,-,-
"Gevastraße 16, 16",Samstag,Frei,"Kein Kunde",-,-,-,-,-,-,-,-,-,-,-,-
"Gevastraße 16, 16",Sonntag,Frei,"Kein Kunde",-,-,-,-,-,-,-,-,-,-,-,-
"Gevastraße 18, 18",Samstag,Frei,"Kein Kunde",-,-,-,-,-,-,-,-,-,-,-,-
"Gevastraße 18, 18",Sonntag,Frei,"Kein Kunde",-,-,-,-,-,-,-,-,-,-,-,-
"Gevastraße 20, 20",Samstag,Frei,"Kein Kunde",-,-,-,-,-,-,-,-,-,-,-,-
"Gevastraße 20, 20",Sonntag,Frei,"Kein Kunde",-,-,-,-,-,-,-,-,-,-,-,-
"Gevastraße 22, 22",Samstag,Frei,"Kein Kunde",-,-,-,-,-,-,-,-,-,-,-,-
"Gevastraße 22, 22",Sonntag,Frei,"Kein Kunde",-,-,-,-,-,-,-,-,-,-,-,-
"Gevastraße 24, 24",Samstag,Frei,"Kein Kunde",-,-,-,-,-,-,-,-,-,-,-,-
"Gevastraße 24, 24",Sonntag,Frei,"Kein Kunde",-,-,-,-,-,-,-,-,-,-,-,-
"Gevastraße 26, 26",Samstag,Frei,"Kein Kunde",-,-,-,-,-,-,-,-,-,-,-,-
"Gevastraße 26, 26",Sonntag,Frei,"Kein Kunde",-,-,-,-,-,-,-,-,-,-,-,-
"Gevastraße 28, 28",Samstag,Frei,"Kein Kunde",-,-,-,-,-,-,-,-,-,-,-,-
"Gevastraße 28, 28",Sonntag,Frei,"Kein Kunde",-,-,-,-,-,-,-,-,-,-,-,-
"Gevastraße 30, 30",Samstag,Frei,"Kein Kunde",-,-,-,-,-,-,-,-,-,-,-,-
"Gevastraße 30, 30",Sonntag,Frei,"Kein Kunde",-,-,-,-,-,-,-,-,-,-,-,-
"Gevastraße 32, 32",Samstag,Frei,"Kein Kunde",-,-,-,-,-,-,-,-,-,-,-,-
"Gevastraße 32, 32",Sonntag,Frei,"Kein Kunde",-,-,-,-,-,-,-,-,-,-,-,-
"Gevastraße 34, 34",Samstag,Frei,"Kein Kunde",-,-,-,-,-,-,-,-,-,-,-,-
"Gevastraße 34, 34",Sonntag,Frei,"Kein Kunde",-,-,-,-,-,-,-,-,-,-,-,-
"Gevastraße 36, 36",Samstag,Frei,"Kein Kunde",-,-,-,-,-,-,-,-,-,-,-,-
"Gevastraße 36, 36",Sonntag,Frei,"Kein Kunde",-,-,-,-,-,-,-,-,-,-,-,-
"Gevastraße 38, 38",Samstag,Frei,"Kein Kunde",-,-,-,-,-,-,-,-,-,-,-,-
"Gevastraße 38, 38",Sonntag,Frei,"Kein Kunde",-,-,-,-,-,-,-,-,-,-,-,-
"Gröningsweg  1, 1",Samstag,Frei,"Kein Kunde",-,-,-,-,-,-,-,-,-,-,-,-
"Gröningsweg  1, 1",Sonntag,Frei,"Kein Kunde",-,-,-,-,-,-,-,-,-,-,-,-
"Gröningsweg 3, 3",Samstag,Frei,"Kein Kunde",-,-,-,-,-,-,-,-,-,-,-,-
"Gröningsweg 3, 3",Sonntag,Frei,"Kein Kunde",-,-,-,-,-,-,-,-,-,-,-,-
"Gröningsweg 5, 5",Samstag,Frei,"Kein Kunde",-,-,-,-,-,-,-,-,-,-,-,-
"Gröningsweg 5, 5",Sonntag,Frei,"Kein Kunde",-,-,-,-,-,-,-,-,-,-,-,-
"Gröningsweg 7, 7",Samstag,Frei,"Kein Kunde",-,-,-,-,-,-,-,-,-,-,-,-
"Gröningsweg 7, 7",Sonntag,Frei,"Kein Kunde",-,-,-,-,-,-,-,-,-,-,-,-
"Gröningsweg 9, 9",Samstag,Frei,"Kein Kunde",-,-,-,-,-,-,-,-,-,-,-,-
"Gröningsweg 9, 9",Sonntag,Frei,"Kein Kunde",-,-,-,-,-,-,-,-,-,-,-,-
"Gröningsweg 11, 11",Samstag,Frei,"Kein Kunde",-,-,-,-,-,-,-,-,-,-,-,-
"Gröningsweg 11, 11",Sonntag,Frei,"Kein Kunde",-,-,-,-,-,-,-,-,-,-,-,-
"Gröningsweg 13, 13",Samstag,Frei,"Kein Kunde",-,-,-,-,-,-,-,-,-,-,-,-
"Gröningsweg 13, 13",Sonntag,Frei,"Kein Kunde",-,-,-,-,-,-,-,-,-,-,-,-
"Gröningsweg 15, 15",Samstag,Frei,"Kein Kunde",-,-,-,-,-,-,-,-,-,-,-,-
"Gröningsweg 15, 15",Sonntag,Frei,"Kein Kunde",-,-,-,-,-,-,-,-,-,-,-,-
"Gröningsweg 17, 17",Samstag,Frei,"Kein Kunde",-,-,-,-,-,-,-,-,-,-,-,-
"Gröningsweg 17, 17",Sonntag,Frei,"Kein Kunde",-,-,-,-,-,-,-,-,-,-,-,-
"Gröningsweg 19, 19",Samstag,Frei,"Kein Kunde",-,-,-,-,-,-,-,-,-,-,-,-
"Gröningsweg 19, 19",Sonntag,Frei,"Kein Kunde",-,-,-,-,-,-,-,-,-,-,-,-
"Gröningsweg 21, 21",Samstag,Frei,"Kein Kunde",-,-,-,-,-,-,-,-,-,-,-,-
"Gröningsweg 21, 21",Sonntag,Frei,"Kein Kunde",-,-,-,-,-,-,-,-,-,-,-,-
"Gröningsweg 23, 23",Samstag,Frei,"Kein Kunde",-,-,-,-,-,-,-,-,-,-,-,-
"Gröningsweg 23, 23",Sonntag,Frei,"Kein Kunde",-,-,-,-,-,-,-,-,-,-,-,-
"Gröningsweg 25, 25",Samstag,Frei,"Kein Kunde",-,-,-,-,-,-,-,-,-,-,-,-
"Gröningsweg 25, 25",Sonntag,Frei,"Kein Kunde",-,-,-,-,-,-,-,-,-,-,-,-
"Gröningsweg 27, 27",Samstag,Frei,"Kein Kunde",-,-,-,-,-,-,-,-,-,-,-,-
"Gröningsweg 27, 27",Sonntag,Frei,"Kein Kunde",-,-,-,-,-,-,-,-,-,-,-,-
"Gröningsweg 29, 29",Samstag,Frei,"Kein Kunde",-,-,-,-,-,-,-,-,-,-,-,-
"Gröningsweg 29, 29",Sonntag,Frei,"Kein Kunde",-,-,-,-,-,-,-,-,-,-,-,-
"Gröningsweg 31, 31",Samstag,Frei,"Kein Kunde",-,-,-,-,-,-,-,-,-,-,-,-
"Gröningsweg 31, 31",Sonntag,Frei,"Kein Kunde",-,-,-,-,-,-,-,-,-,-,-,-
"Gröningsweg 33, 33",Samstag,Frei,"Kein Kunde",-,-,-,-,-,-,-,-,-,-,-,-
"Gröningsweg 33, 33",Sonntag,Frei,"Kein Kunde",-,-,-,-,-,-,-,-,-,-,-,-
"Gröningsweg 35, 35",Samstag,Frei,"Kein Kunde",-,-,-,-,-,-,-,-,-,-,-,-
"Gröningsweg 35, 35",Sonntag,Frei,"Kein Kunde",-,-,-,-,-,-,-,-,-,-,-,-
"Gröningsweg 37, 37",Samstag,Frei,"Kein Kunde",-,-,-,-,-,-,-,-,-,-,-,-
"Gröningsweg 37, 37",Sonntag,Frei,"Kein Kunde",-,-,-,-,-,-,-,-,-,-,-,-
"Gröningsweg 39, 39",Samstag,Frei,"Kein Kunde",-,-,-,-,-,-,-,-,-,-,-,-
"Gröningsweg 39, 39",Sonntag,Frei,"Kein Kunde",-,-,-,-,-,-,-,-,-,-,-,-
"Gröningsweg 41, 41",Samstag,Frei,"Kein Kunde",-,-,-,-,-,-,-,-,-,-,-,-
"Gröningsweg 41, 41",Sonntag,Frei,"Kein Kunde",-,-,-,-,-,-,-,-,-,-,-,-
"Gröningsweg 43, 43",Samstag,Frei,"Kein Kunde",-,-,-,-,-,-,-,-,-,-,-,-
"Gröningsweg 43, 43",Sonntag,Frei,"Kein Kunde",-,-,-,-,-,-,-,-,-,-,-,-
"Gröningsweg 45, 45",Samstag,Frei,"Kein Kunde",-,-,-,-,-,-,-,-,-,-,-,-
"Gröningsweg 45, 45",Sonntag,Frei,"Kein Kunde",-,-,-,-,-,-,-,-,-,-,-,-
"Gröningsweg 47, 47",Samstag,Frei,"Kein Kunde",-,-,-,-,-,-,-,-,-,-,-,-
"Gröningsweg 47, 47",Sonntag,Frei,"Kein Kunde",-,-,-,-,-,-,-,-,-,-,-,-
"Gröningsweg 49, 49",Samstag,Frei,"Kein Kunde",-,-,-,-,-,-,-,-,-,-,-,-
"Gröningsweg 49, 49",Sonntag,Frei,"Kein Kunde",-,-,-,-,-,-,-,-,-,-,-,-
"Gröningsweg 51, 51",Samstag,Frei,"Kein Kunde",-,-,-,-,-,-,-,-,-,-,-,-
"Gröningsweg 51, 51",Sonntag,Frei,"Kein Kunde",-,-,-,-,-,-,-,-,-,-,-,-
"Gröningsweg 53, 53",Samstag,Frei,"Kein Kunde",-,-,-,-,-,-,-,-,-,-,-,-
"Gröningsweg 53, 53",Sonntag,Frei,"Kein Kunde",-,-,-,-,-,-,-,-,-,-,-,-
"Gröningsweg 55, 55",Samstag,Frei,"Kein Kunde",-,-,-,-,-,-,-,-,-,-,-,-
"Gröningsweg 55, 55",Sonntag,Frei,"Kein Kunde",-,-,-,-,-,-,-,-,-,-,-,-
"Gröningsweg 57, 57",Samstag,Frei,"Kein Kunde",-,-,-,-,-,-,-,-,-,-,-,-
"Gröningsweg 57, 57",Sonntag,Frei,"Kein Kunde",-,-,-,-,-,-,-,-,-,-,-,-
"Gröningsweg 59, 5951.9244977950676, 7.968441980465142",Samstag,Frei,"Kein Kunde",-,-,-,-,-,-,-,-,-,-,-,-
"Gröningsweg 59, 5951.9244977950676, 7.968441980465142",Sonntag,Frei,"Kein Kunde",-,-,-,-,-,-,-,-,-,-,-,-
"Gröningsweg 61, 61",Samstag,Frei,"Kein Kunde",-,-,-,-,-,-,-,-,-,-,-,-
"Gröningsweg 61, 61",Sonntag,Frei,"Kein Kunde",-,-,-,-,-,-,-,-,-,-,-,-
"Gröningsweg 63, 63",Samstag,Frei,"Kein Kunde",-,-,-,-,-,-,-,-,-,-,-,-
"Gröningsweg 63, 63",Sonntag,Frei,"Kein Kunde",-,-,-,-,-,-,-,-,-,-,-,-
"Gröningsweg 65, 65",Samstag,Frei,"Kein Kunde",-,-,-,-,-,-,-,-,-,-,-,-
"Gröningsweg 65, 65",Sonntag,Frei,"Kein Kunde",-,-,-,-,-,-,-,-,-,-,-,-
"Gröningsweg 67, 67",Samstag,Frei,"Kein Kunde",-,-,-,-,-,-,-,-,-,-,-,-
"Gröningsweg 67, 67",Sonntag,Frei,"Kein Kunde",-,-,-,-,-,-,-,-,-,-,-,-
"Gröningsweg 69, 69",Samstag,Frei,"Kein Kunde",-,-,-,-,-,-,-,-,-,-,-,-
"Gröningsweg 69, 69",Sonntag,Frei,"Kein Kunde",-,-,-,-,-,-,-,-,-,-,-,-
"Gröningsweg 71, 71",Samstag,Frei,"Kein Kunde",-,-,-,-,-,-,-,-,-,-,-,-
"Gröningsweg 71, 71",Sonntag,Frei,"Kein Kunde",-,-,-,-,-,-,-,-,-,-,-,-
"Gröningsweg 73, 73",Samstag,Frei,"Kein Kunde",-,-,-,-,-,-,-,-,-,-,-,-
"Gröningsweg 73, 73",Sonntag,Frei,"Kein Kunde",-,-,-,-,-,-,-,-,-,-,-,-
"Gröningsweg 75, 75",Samstag,Frei,"Kein Kunde",-,-,-,-,-,-,-,-,-,-,-,-
"Gröningsweg 75, 75",Sonntag,Frei,"Kein Kunde",-,-,-,-,-,-,-,-,-,-,-,-
"Gröningsweg 77, 77",Samstag,Frei,"Kein Kunde",-,-,-,-,-,-,-,-,-,-,-,-
"Gröningsweg 77, 77",Sonntag,Frei,"Kein Kunde",-,-,-,-,-,-,-,-,-,-,-,-
"Gröningsweg 79, 79",Samstag,Frei,"Kein Kunde",-,-,-,-,-,-,-,-,-,-,-,-
"Gröningsweg 79, 79",Sonntag,Frei,"Kein Kunde",-,-,-,-,-,-,-,-,-,-,-,-
"Gröningsweg 2, 2",Samstag,Frei,"Kein Kunde",-,-,-,-,-,-,-,-,-,-,-,-
"Gröningsweg 2, 2",Sonntag,Frei,"Kein Kunde",-,-,-,-,-,-,-,-,-,-,-,-
"Gröningsweg 4, 4",Samstag,Frei,"Kein Kunde",-,-,-,-,-,-,-,-,-,-,-,-
"Gröningsweg 4, 4",Sonntag,Frei,"Kein Kunde",-,-,-,-,-,-,-,-,-,-,-,-
"Gröningsweg 6, 6",Samstag,Frei,"Kein Kunde",-,-,-,-,-,-,-,-,-,-,-,-
"Gröningsweg 6, 6",Sonntag,Frei,"Kein Kunde",-,-,-,-,-,-,-,-,-,-,-,-
"Gröningsweg 8, 8",Samstag,Frei,"Kein Kunde",-,-,-,-,-,-,-,-,-,-,-,-
"Gröningsweg 8, 8",Sonntag,Frei,"Kein Kunde",-,-,-,-,-,-,-,-,-,-,-,-
"Gröningsweg 10, 10",Samstag,Frei,"Kein Kunde",-,-,-,-,-,-,-,-,-,-,-,-
"Gröningsweg 10, 10",Sonntag,Frei,"Kein Kunde",-,-,-,-,-,-,-,-,-,-,-,-
"Gröningsweg 12, 12",Samstag,Frei,"Kein Kunde",-,-,-,-,-,-,-,-,-,-,-,-
"Gröningsweg 12, 12",Sonntag,Frei,"Kein Kunde",-,-,-,-,-,-,-,-,-,-,-,-
"Gröningsweg 14, 14",Samstag,Frei,"Kein Kunde",-,-,-,-,-,-,-,-,-,-,-,-
"Gröningsweg 14, 14",Sonntag,Frei,"Kein Kunde",-,-,-,-,-,-,-,-,-,-,-,-
"Gröningsweg 16, 16",Samstag,Frei,"Kein Kunde",-,-,-,-,-,-,-,-,-,-,-,-
"Gröningsweg 16, 16",Sonntag,Frei,"Kein Kunde",-,-,-,-,-,-,-,-,-,-,-,-
"Gröningsweg 18, 18",Samstag,Frei,"Kein Kunde",-,-,-,-,-,-,-,-,-,-,-,-
"Gröningsweg 18, 18",Sonntag,Frei,"Kein Kunde",-,-,-,-,-,-,-,-,-,-,-,-
"Gröningsweg 20, 20",Samstag,Frei,"Kein Kunde",-,-,-,-,-,-,-,-,-,-,-,-
"Gröningsweg 20, 20",Sonntag,Frei,"Kein Kunde",-,-,-,-,-,-,-,-,-,-,-,-
"Gröningsweg 22, 22",Samstag,Frei,"Kein Kunde",-,-,-,-,-,-,-,-,-,-,-,-
"Gröningsweg 22, 22",Sonntag,Frei,"Kein Kunde",-,-,-,-,-,-,-,-,-,-,-,-
"Gröningsweg 24, 24",Samstag,Frei,"Kein Kunde",-,-,-,-,-,-,-,-,-,-,-,-
"Gröningsweg 24, 24",Sonntag,Frei,"Kein Kunde",-,-,-,-,-,-,-,-,-,-,-,-
"Gröningsweg 26, 26",Samstag,Frei,"Kein Kunde",-,-,-,-,-,-,-,-,-,-,-,-
"Gröningsweg 26, 26",Sonntag,Frei,"Kein Kunde",-,-,-,-,-,-,-,-,-,-,-,-
"Gröningsweg 28, 28",Samstag,Frei,"Kein Kunde",-,-,-,-,-,-,-,-,-,-,-,-
"Gröningsweg 28, 28",Sonntag,Frei,"Kein Kunde",-,-,-,-,-,-,-,-,-,-,-,-
"Gröningsweg 30, 30",Samstag,Frei,"Kein Kunde",-,-,-,-,-,-,-,-,-,-,-,-
"Gröningsweg 30, 30",Sonntag,Frei,"Kein Kunde",-,-,-,-,-,-,-,-,-,-,-,-
"Gröningsweg 32, 32",Samstag,Frei,"Kein Kunde",-,-,-,-,-,-,-,-,-,-,-,-
"Gröningsweg 32, 32",Sonntag,Frei,"Kein Kunde",-,-,-,-,-,-,-,-,-,-,-,-
"Gröningsweg 34, 34",Samstag,Frei,"Kein Kunde",-,-,-,-,-,-,-,-,-,-,-,-
"Gröningsweg 34, 34",Sonntag,Frei,"Kein Kunde",-,-,-,-,-,-,-,-,-,-,-,-
"Gröningsweg 36, 36",Samstag,Frei,"Kein Kunde",-,-,-,-,-,-,-,-,-,-,-,-
"Gröningsweg 36, 36",Sonntag,Frei,"Kein Kunde",-,-,-,-,-,-,-,-,-,-,-,-
"Gröningsweg 38, 38",Samstag,Frei,"Kein Kunde",-,-,-,-,-,-,-,-,-,-,-,-
"Gröningsweg 38, 38",Sonntag,Frei,"Kein Kunde",-,-,-,-,-,-,-,-,-,-,-,-
"Gröningsweg 40, 40",Samstag,Frei,"Kein Kunde",-,-,-,-,-,-,-,-,-,-,-,-
"Gröningsweg 40, 40",Sonntag,Frei,"Kein Kunde",-,-,-,-,-,-,-,-,-,-,-,-
"Gröningsweg 42, 42",Samstag,Frei,"Kein Kunde",-,-,-,-,-,-,-,-,-,-,-,-
"Gröningsweg 42, 42",Sonntag,Frei,"Kein Kunde",-,-,-,-,-,-,-,-,-,-,-,-
"Gröningsweg 44, 44",Samstag,Frei,"Kein Kunde",-,-,-,-,-,-,-,-,-,-,-,-
"Gröningsweg 44, 44",Sonntag,Frei,"Kein Kunde",-,-,-,-,-,-,-,-,-,-,-,-
"Gröningsweg 46, 46",Samstag,Frei,"Kein Kunde",-,-,-,-,-,-,-,-,-,-,-,-
"Gröningsweg 46, 46",Sonntag,Frei,"Kein Kunde",-,-,-,-,-,-,-,-,-,-,-,-
"Gröningsweg 48, 48",Samstag,Frei,"Kein Kunde",-,-,-,-,-,-,-,-,-,-,-,-
"Gröningsweg 48, 48",Sonntag,Frei,"Kein Kunde",-,-,-,-,-,-,-,-,-,-,-,-
"Gröningsweg 50, 50",Samstag,Frei,"Kein Kunde",-,-,-,-,-,-,-,-,-,-,-,-
"Gröningsweg 50, 50",Sonntag,Frei,"Kein Kunde",-,-,-,-,-,-,-,-,-,-,-,-
"Gröningsweg 52, 52",Samstag,Frei,"Kein Kunde",-,-,-,-,-,-,-,-,-,-,-,-
"Gröningsweg 52, 52",Sonntag,Frei,"Kein Kunde",-,-,-,-,-,-,-,-,-,-,-,-
"Gröningsweg 54, 54",Samstag,Frei,"Kein Kunde",-,-,-,-,-,-,-,-,-,-,-,-
"Gröningsweg 54, 54",Sonntag,Frei,"Kein Kunde",-,-,-,-,-,-,-,-,-,-,-,-
"Gröningsweg 56, 56",Samstag,Frei,"Kein Kunde",-,-,-,-,-,-,-,-,-,-,-,-
"Gröningsweg 56, 56",Sonntag,Frei,"Kein Kunde",-,-,-,-,-,-,-,-,-,-,-,-
"Gröningsweg 58, 58",Samstag,Frei,"Kein Kunde",-,-,-,-,-,-,-,-,-,-,-,-
"Gröningsweg 58, 58",Sonntag,Frei,"Kein Kunde",-,-,-,-,-,-,-,-,-,-,-,-
"Gröningsweg 60, 60",Samstag,Frei,"Kein Kunde",-,-,-,-,-,-,-,-,-,-,-,-
"Gröningsweg 60, 60",Sonntag,Frei,"Kein Kunde",-,-,-,-,-,-,-,-,-,-,-,-
"Gröningsweg 62, 62",Samstag,Frei,"Kein Kunde",-,-,-,-,-,-,-,-,-,-,-,-
"Gröningsweg 62, 62",Sonntag,Frei,"Kein Kunde",-,-,-,-,-,-,-,-,-,-,-,-
"Gröningsweg 64, 64",Samstag,Frei,"Kein Kunde",-,-,-,-,-,-,-,-,-,-,-,-
"Gröningsweg 64, 64",Sonntag,Frei,"Kein Kunde",-,-,-,-,-,-,-,-,-,-,-,-
"Gröningsweg 66, 66",Samstag,Frei,"Kein Kunde",-,-,-,-,-,-,-,-,-,-,-,-
"Gröningsweg 66, 66",Sonntag,Frei,"Kein Kunde",-,-,-,-,-,-,-,-,-,-,-,-
"Gröningsweg 68, 68",Samstag,Frei,"Kein Kunde",-,-,-,-,-,-,-,-,-,-,-,-
"Gröningsweg 68, 68",Sonntag,Frei,"Kein Kunde",-,-,-,-,-,-,-,-,-,-,-,-
"Gröningsweg 70, 70",Samstag,Frei,"Kein Kunde",-,-,-,-,-,-,-,-,-,-,-,-
"Gröningsweg 70, 70",Sonntag,Frei,"Kein Kunde",-,-,-,-,-,-,-,-,-,-,-,-
"Industriestraße 1, 1",Samstag,Frei,"Kein Kunde",-,-,-,-,-,-,-,-,-,-,-,-
"Industriestraße 1, 1",Sonntag,Frei,"Kein Kunde",-,-,-,-,-,-,-,-,-,-,-,-
"Industriestraße 3, 3",Samstag,Frei,"Kein Kunde",-,-,-,-,-,-,-,-,-,-,-,-
"Industriestraße 3, 3",Sonntag,Frei,"Kein Kunde",-,-,-,-,-,-,-,-,-,-,-,-
"Industriestraße 5, 5",Samstag,Frei,"Kein Kunde",-,-,-,-,-,-,-,-,-,-,-,-
"Industriestraße 5, 5",Sonntag,Frei,"Kein Kunde",-,-,-,-,-,-,-,-,-,-,-,-
"Industriestraße 7, 7",Samstag,Frei,"Kein Kunde",-,-,-,-,-,-,-,-,-,-,-,-
"Industriestraße 7, 7",Sonntag,Frei,"Kein Kunde",-,-,-,-,-,-,-,-,-,-,-,-
"Industriestraße 9, 9",Samstag,Frei,"Kein Kunde",-,-,-,-,-,-,-,-,-,-,-,-
"Industriestraße 9, 9",Sonntag,Frei,"Kein Kunde",-,-,-,-,-,-,-,-,-,-,-,-
"Industriestraße 11, 11",Samstag,Frei,"Kein Kunde",-,-,-,-,-,-,-,-,-,-,-,-
"Industriestraße 11, 11",Sonntag,Frei,"Kein Kunde",-,-,-,-,-,-,-,-,-,-,-,-
"Industriestraße 13, 13",Samstag,Frei,"Kein Kunde",-,-,-,-,-,-,-,-,-,-,-,-
"Industriestraße 13, 13",Sonntag,Frei,"Kein Kunde",-,-,-,-,-,-,-,-,-,-,-,-
"Industriestraße 15, 15",Samstag,Frei,"Kein Kunde",-,-,-,-,-,-,-,-,-,-,-,-
"Industriestraße 15, 15",Sonntag,Frei,"Kein Kunde",-,-,-,-,-,-,-,-,-,-,-,-
"Industriestraße 17, 17",Samstag,Frei,"Kein Kunde",-,-,-,-,-,-,-,-,-,-,-,-
"Industriestraße 17, 17",Sonntag,Frei,"Kein Kunde",-,-,-,-,-,-,-,-,-,-,-,-
"Industriestraße 19, 19",Samstag,Frei,"Kein Kunde",-,-,-,-,-,-,-,-,-,-,-,-
"Industriestraße 19, 19",Sonntag,Frei,"Kein Kunde",-,-,-,-,-,-,-,-,-,-,-,-
"Industriestraße 21, 21",Samstag,Frei,"Kein Kunde",-,-,-,-,-,-,-,-,-,-,-,-
"Industriestraße 21, 21",Sonntag,Frei,"Kein Kunde",-,-,-,-,-,-,-,-,-,-,-,-
"Industriestraße 23, 23",Samstag,Frei,"Kein Kunde",-,-,-,-,-,-,-,-,-,-,-,-
"Industriestraße 23, 23",Sonntag,Frei,"Kein Kunde",-,-,-,-,-,-,-,-,-,-,-,-
"Industriestraße 25, 25",Samstag,Frei,"Kein Kunde",-,-,-,-,-,-,-,-,-,-,-,-
"Industriestraße 25, 25",Sonntag,Frei,"Kein Kunde",-,-,-,-,-,-,-,-,-,-,-,-
"Industriestraße 27, 27",Samstag,Frei,"Kein Kunde",-,-,-,-,-,-,-,-,-,-,-,-
"Industriestraße 27, 27",Sonntag,Frei,"Kein Kunde",-,-,-,-,-,-,-,-,-,-,-,-
"Industriestraße 29, 29",Samstag,Frei,"Kein Kunde",-,-,-,-,-,-,-,-,-,-,-,-
"Industriestraße 29, 29",Sonntag,Frei,"Kein Kunde",-,-,-,-,-,-,-,-,-,-,-,-
"Industriestraße 31, 31",Samstag,Frei,"Kein Kunde",-,-,-,-,-,-,-,-,-,-,-,-
"Industriestraße 31, 31",Sonntag,Frei,"Kein Kunde",-,-,-,-,-,-,-,-,-,-,-,-
"Industriestraße 33, 33",Samstag,Frei,"Kein Kunde",-,-,-,-,-,-,-,-,-,-,-,-
"Industriestraße 33, 33",Sonntag,Frei,"Kein Kunde",-,-,-,-,-,-,-,-,-,-,-,-
"Industriestraße 35, 35",Samstag,Frei,"Kein Kunde",-,-,-,-,-,-,-,-,-,-,-,-
"Industriestraße 35, 35",Sonntag,Frei,"Kein Kunde",-,-,-,-,-,-,-,-,-,-,-,-
"Industriestraße 37, 37",Samstag,Frei,"Kein Kunde",-,-,-,-,-,-,-,-,-,-,-,-
"Industriestraße 37, 37",Sonntag,Frei,"Kein Kunde",-,-,-,-,-,-,-,-,-,-,-,-
"Industriestraße 39, 39",Samstag,Frei,"Kein Kunde",-,-,-,-,-,-,-,-,-,-,-,-
"Industriestraße 39, 39",Sonntag,Frei,"Kein Kunde",-,-,-,-,-,-,-,-,-,-,-,-
"Industriestraße 41, 41",Samstag,Frei,"Kein Kunde",-,-,-,-,-,-,-,-,-,-,-,-
"Industriestraße 41, 41",Sonntag,Frei,"Kein Kunde",-,-,-,-,-,-,-,-,-,-,-,-
"Industriestraße 43, 43",Samstag,Frei,"Kein Kunde",-,-,-,-,-,-,-,-,-,-,-,-
"Industriestraße 43, 43",Sonntag,Frei,"Kein Kunde",-,-,-,-,-,-,-,-,-,-,-,-
"Industriestraße 45, 45",Samstag,Frei,"Kein Kunde",-,-,-,-,-,-,-,-,-,-,-,-
"Industriestraße 45, 45",Sonntag,Frei,"Kein Kunde",-,-,-,-,-,-,-,-,-,-,-,-
"Industriestraße 47, 47",Samstag,Frei,"Kein Kunde",-,-,-,-,-,-,-,-,-,-,-,-
"Industriestraße 47, 47",Sonntag,Frei,"Kein Kunde",-,-,-,-,-,-,-,-,-,-,-,-
"Industriestraße 49, 49",Samstag,Frei,"Kein Kunde",-,-,-,-,-,-,-,-,-,-,-,-
"Industriestraße 49, 49",Sonntag,Frei,"Kein Kunde",-,-,-,-,-,-,-,-,-,-,-,-
"Industriestraße 51, 51",Samstag,Frei,"Kein Kunde",-,-,-,-,-,-,-,-,-,-,-,-
"Industriestraße 51, 51",Sonntag,Frei,"Kein Kunde",-,-,-,-,-,-,-,-,-,-,-,-
"Industriestraße 53, 53",Samstag,Frei,"Kein Kunde",-,-,-,-,-,-,-,-,-,-,-,-
"Industriestraße 53, 53",Sonntag,Frei,"Kein Kunde",-,-,-,-,-,-,-,-,-,-,-,-
"Industriestraße 55, 55",Samstag,Frei,"Kein Kunde",-,-,-,-,-,-,-,-,-,-,-,-
"Industriestraße 55, 55",Sonntag,Frei,"Kein Kunde",-,-,-,-,-,-,-,-,-,-,-,-
"Industriestraße 57, 57",Samstag,Frei,"Kein Kunde",-,-,-,-,-,-,-,-,-,-,-,-
"Industriestraße 57, 57",Sonntag,Frei,"Kein Kunde",-,-,-,-,-,-,-,-,-,-,-,-
"Industriestraße 59, 59",Samstag,Frei,"Kein Kunde",-,-,-,-,-,-,-,-,-,-,-,-
"Industriestraße 59, 59",Sonntag,Frei,"Kein Kunde",-,-,-,-,-,-,-,-,-,-,-,-
"Industriestraße 61, 61",Samstag,Frei,"Kein Kunde",-,-,-,-,-,-,-,-,-,-,-,-
"Industriestraße 61, 61",Sonntag,Frei,"Kein Kunde",-,-,-,-,-,-,-,-,-,-,-,-
"Industriestraße 63, 63",Samstag,Frei,"Kein Kunde",-,-,-,-,-,-,-,-,-,-,-,-
"Industriestraße 63, 63",Sonntag,Frei,"Kein Kunde",-,-,-,-,-,-,-,-,-,-,-,-
"Industriestraße 65, 65",Samstag,Frei,"Kein Kunde",-,-,-,-,-,-,-,-,-,-,-,-
"Industriestraße 65, 65",Sonntag,Frei,"Kein Kunde",-,-,-,-,-,-,-,-,-,-,-,-
"Industriestraße 67, 67",Samstag,Frei,"Kein Kunde",-,-,-,-,-,-,-,-,-,-,-,-
"Industriestraße 67, 67",Sonntag,Frei,"Kein Kunde",-,-,-,-,-,-,-,-,-,-,-,-
"Industriestraße 69, 69",Samstag,Frei,"Kein Kunde",-,-,-,-,-,-,-,-,-,-,-,-
"Industriestraße 69, 69",Sonntag,Frei,"Kein Kunde",-,-,-,-,-,-,-,-,-,-,-,-
"Industriestraße 71, 71",Samstag,Frei,"Kein Kunde",-,-,-,-,-,-,-,-,-,-,-,-
"Industriestraße 71, 71",Sonntag,Frei,"Kein Kunde",-,-,-,-,-,-,-,-,-,-,-,-
"Industriestraße 73, 73",Samstag,Frei,"Kein Kunde",-,-,-,-,-,-,-,-,-,-,-,-
"Industriestraße 73, 73",Sonntag,Frei,"Kein Kunde",-,-,-,-,-,-,-,-,-,-,-,-
"Industriestraße 75, 75",Samstag,Frei,"Kein Kunde",-,-,-,-,-,-,-,-,-,-,-,-
"Industriestraße 75, 75",Sonntag,Frei,"Kein Kunde",-,-,-,-,-,-,-,-,-,-,-,-
"Industriestraße 77, 77",Samstag,Frei,"Kein Kunde",-,-,-,-,-,-,-,-,-,-,-,-
"Industriestraße 77, 77",Sonntag,Frei,"Kein Kunde",-,-,-,-,-,-,-,-,-,-,-,-
"Industriestraße 79, 79",Samstag,Frei,"Kein Kunde",-,-,-,-,-,-,-,-,-,-,-,-
"Industriestraße 79, 79",Sonntag,Frei,"Kein Kunde",-,-,-,-,-,-,-,-,-,-,-,-
"Industriestraße 81, 81",Samstag,Frei,"Kein Kunde",-,-,-,-,-,-,-,-,-,-,-,-
"Industriestraße 81, 81",Sonntag,Frei,"Kein Kunde",-,-,-,-,-,-,-,-,-,-,-,-
"Industriestraße 83, 83",Samstag,Frei,"Kein Kunde",-,-,-,-,-,-,-,-,-,-,-,-
"Industriestraße 83, 83",Sonntag,Frei,"Kein Kunde",-,-,-,-,-,-,-,-,-,-,-,-
"Industriestraße 85, 85",Samstag,Frei,"Kein Kunde",-,-,-,-,-,-,-,-,-,-,-,-
"Industriestraße 85, 85",Sonntag,Frei,"Kein Kunde",-,-,-,-,-,-,-,-,-,-,-,-
"Industriestraße 87, 87",Samstag,Frei,"Kein Kunde",-,-,-,-,-,-,-,-,-,-,-,-
"Industriestraße 87, 87",Sonntag,Frei,"Kein Kunde",-,-,-,-,-,-,-,-,-,-,-,-
"Industriestraße 89, 89",Samstag,Frei,"Kein Kunde",-,-,-,-,-,-,-,-,-,-,-,-
"Industriestraße 89, 89",Sonntag,Frei,"Kein Kunde",-,-,-,-,-,-,-,-,-,-,-,-
"Industriestraße 91, 91",Samstag,Frei,"Kein Kunde",-,-,-,-,-,-,-,-,-,-,-,-
"Industriestraße 91, 91",Sonntag,Frei,"Kein Kunde",-,-,-,-,-,-,-,-,-,-,-,-
"Industriestraße 93, 93",Samstag,Frei,"Kein Kunde",-,-,-,-,-,-,-,-,-,-,-,-
"Industriestraße 93, 93",Sonntag,Frei,"Kein Kunde",-,-,-,-,-,-,-,-,-,-,-,-
"Industriestraße 95, 95",Samstag,Frei,"Kein Kunde",-,-,-,-,-,-,-,-,-,-,-,-
"Industriestraße 95, 95",Sonntag,Frei,"Kein Kunde",-,-,-,-,-,-,-,-,-,-,-,-
"Industriestraße 97, 97",Samstag,Frei,"Kein Kunde",-,-,-,-,-,-,-,-,-,-,-,-
"Industriestraße 97, 97",Sonntag,Frei,"Kein Kunde",-,-,-,-,-,-,-,-,-,-,-,-
"Industriestraße 99, 99",Samstag,Frei,"Kein Kunde",-,-,-,-,-,-,-,-,-,-,-,-
"Industriestraße 99, 99",Sonntag,Frei,"Kein Kunde",-,-,-,-,-,-,-,-,-,-,-,-
"Industriestraße 101, 101",Samstag,Frei,"Kein Kunde",-,-,-,-,-,-,-,-,-,-,-,-
"Industriestraße 101, 101",Sonntag,Frei,"Kein Kunde",-,-,-,-,-,-,-,-,-,-,-,-
"Industriestraße , 103",Samstag,Frei,"Kein Kunde",-,-,-,-,-,-,-,-,-,-,-,-
"Industriestraße , 103",Sonntag,Frei,"Kein Kunde",-,-,-,-,-,-,-,-,-,-,-,-
"Industriestraße 105, 105",Samstag,Frei,"Kein Kunde",-,-,-,-,-,-,-,-,-,-,-,-
"Industriestraße 105, 105",Sonntag,Frei,"Kein Kunde",-,-,-,-,-,-,-,-,-,-,-,-
"Industriestraße 107, 107",Samstag,Frei,"Kein Kunde",-,-,-,-,-,-,-,-,-,-,-,-
"Industriestraße 107, 107",Sonntag,Frei,"Kein Kunde",-,-,-,-,-,-,-,-,-,-,-,-
"Industriestraße 109, 109",Samstag,Frei,"Kein Kunde",-,-,-,-,-,-,-,-,-,-,-,-
"Industriestraße 109, 109",Sonntag,Frei,"Kein Kunde",-,-,-,-,-,-,-,-,-,-,-,-
"Industriestraße 111, 111",Samstag,Frei,"Kein Kunde",-,-,-,-,-,-,-,-,-,-,-,-
"Industriestraße 111, 111",Sonntag,Frei,"Kein Kunde",-,-,-,-,-,-,-,-,-,-,-,-
"Industriestraße 113, 113",Samstag,Frei,"Kein Kunde",-,-,-,-,-,-,-,-,-,-,-,-
"Industriestraße 113, 113",Sonntag,Frei,"Kein Kunde",-,-,-,-,-,-,-,-,-,-,-,-
"Industriestraße 115, 115",Samstag,Frei,"Kein Kunde",-,-,-,-,-,-,-,-,-,-,-,-
"Industriestraße 115, 115",Sonntag,Frei,"Kein Kunde",-,-,-,-,-,-,-,-,-,-,-,-
"Industriestraße 117, 117",Samstag,Frei,"Kein Kunde",-,-,-,-,-,-,-,-,-,-,-,-
"Industriestraße 117, 117",Sonntag,Frei,"Kein Kunde",-,-,-,-,-,-,-,-,-,-,-,-
"Industriestraße 119, 119",Samstag,Frei,"Kein Kunde",-,-,-,-,-,-,-,-,-,-,-,-
"Industriestraße 119, 119",Sonntag,Frei,"Kein Kunde",-,-,-,-,-,-,-,-,-,-,-,-
"Industriestraße 121, 121",Samstag,Frei,"Kein Kunde",-,-,-,-,-,-,-,-,-,-,-,-
"Industriestraße 121, 121",Sonntag,Frei,"Kein Kunde",-,-,-,-,-,-,-,-,-,-,-,-
"Industriestraße 123, 123",Samstag,Frei,"Kein Kunde",-,-,-,-,-,-,-,-,-,-,-,-
"Industriestraße 123, 123",Sonntag,Frei,"Kein Kunde",-,-,-,-,-,-,-,-,-,-,-,-
"Industriestraße 125, 125",Samstag,Frei,"Kein Kunde",-,-,-,-,-,-,-,-,-,-,-,-
"Industriestraße 125, 125",Sonntag,Frei,"Kein Kunde",-,-,-,-,-,-,-,-,-,-,-,-
